/*
Navicat MySQL Data Transfer

Source Server         : local
Source Server Version : 50520
Source Host           : localhost:3306
Source Database       : twinkauth

Target Server Type    : MYSQL
Target Server Version : 50520
File Encoding         : 65001

Date: 2012-03-05 11:27:17
*/

SET FOREIGN_KEY_CHECKS=0;

-- ----------------------------
-- Table structure for `account`
-- ----------------------------
DROP TABLE IF EXISTS `account`;
CREATE TABLE `account` (
  `id` int(11) unsigned NOT NULL AUTO_INCREMENT COMMENT 'Identifier',
  `username` varchar(32) NOT NULL DEFAULT '',
  `sha_pass_hash` varchar(40) NOT NULL DEFAULT '',
  `sessionkey` longtext,
  `v` longtext,
  `s` longtext,
  `email` text,
  `joindate` timestamp NOT NULL DEFAULT CURRENT_TIMESTAMP,
  `last_ip` varchar(30) NOT NULL DEFAULT '127.0.0.1',
  `failed_logins` int(11) unsigned NOT NULL DEFAULT '0',
  `locked` tinyint(3) unsigned NOT NULL DEFAULT '0',
  `last_login` timestamp NOT NULL DEFAULT '0000-00-00 00:00:00',
  `online` tinyint(4) NOT NULL DEFAULT '0',
  `expansion` tinyint(3) unsigned NOT NULL DEFAULT '2',
  `mutetime` bigint(40) NOT NULL DEFAULT '0',
  `locale` tinyint(3) unsigned NOT NULL DEFAULT '0',
  `os` varchar(4) NOT NULL DEFAULT '',
  `recruiter` int(11) NOT NULL DEFAULT '0',
  `acp` int(32) DEFAULT NULL,
  `staff_id` int(32) DEFAULT NULL,
  `vp` int(32) NOT NULL DEFAULT '0',
  `dp` varchar(32) NOT NULL DEFAULT '0',
  PRIMARY KEY (`id`),
  UNIQUE KEY `idx_username` (`username`)
) ENGINE=MyISAM AUTO_INCREMENT=260 DEFAULT CHARSET=utf8 ROW_FORMAT=DYNAMIC COMMENT='Account System';

-- ----------------------------
-- Records of account
-- ----------------------------
INSERT INTO `account` VALUES ('5', 'Flubbacrud', 'e6c431531ec1fa2bfde05b288574ce4b5d868172', 'A7AD5077340FA2FF869E6A0DF3649F7C1064CC6301A0BD7F2EE18135FD20FFAD074449D3C672E2B1', '316328C742BB98F443682C3EDAE65BB16CCC39FC4FE8C80F1A13B3DCC0074048', '9029C58BB9E8A3275BD5B76ACD1F8E69EE593C502A4BFE579F85A836B1D17C0B', 'Jgilbert201@googlemail.com', '2012-02-07 09:58:02', '90.222.139.33', '0', '0', '2012-03-03 21:07:15', '0', '2', '0', '0', '', '0', '1', '25199201', '10', '0');
INSERT INTO `account` VALUES ('6', 'Tim4444', '3033F53FB8F50C6D41D99D30F790055999F8F6FE', '92D88D6F3B7AF14FC5DCE6A14C5E8B12B68A177CEEC7786385F771209B43638DAC72F8B8A3AD7AF3', '7688B24245075C6FBA7F684DA490DA559A14E7949DB7EF637F49C7E82C43FDDC', 'FE38996DA336B2CB3593FB76FEBE2B4CB71FA1947FF5340B2491D8B8B79EA68B', 'Leeuwtje113@hotmail.nl', '2012-02-07 13:57:51', '77.251.67.52', '0', '0', '2012-02-26 12:46:03', '0', '2', '0', '0', '', '0', '0', '128540039', '20', '0');
INSERT INTO `account` VALUES ('7', 'Veasu', '21A7C76246629E938CF5AB6976C67525CBE8EF2A', '2DF99B78CCE6F0A5347272FC5816FD34F2E2DBEF8789B35606011BBA834CF09C1A4E98F9902F5AB3', '0239E5E518BCBDDE27B58EE5F9479C676B009AD3309E7927AFCA61B897885D39', 'BC0FEF88C608E9AC963BF61A86AEB71FCDCA4DE5BBAA2D0C909B17AE877BA26D', 'XxtomcxX@hotmail.com', '2012-02-07 22:58:08', '77.97.75.74', '0', '0', '2012-02-22 17:15:46', '0', '2', '0', '0', '', '0', '1', '93640', '0', '0');
INSERT INTO `account` VALUES ('9', 'Holypalidon', 'A606C98651BFC5C05F36DDC790C307241D62E412', '74A57F299B20B7313A570D56AFC865B34212A0E89CC828A5C4A3D33861EE4723CDDE10EFFB2D9E85', '2B963501327A2B85BB2D6427B93D40FE7310AC6B21093C167EB5784A94517C96', 'CD70B4B924895AE165EA3DF8842639BE6978C8A0C78C5A8CC89FAE5D982E4B9B', 'Xkhronic@yahoo.com', '2012-02-08 14:16:55', '108.216.192.158', '0', '0', '2012-02-09 01:00:41', '0', '2', '0', '0', '', '0', '0', '170776367', '0', '0');
INSERT INTO `account` VALUES ('8', 'Flubbatestacct', 'BE01A17A86ED20DA0DE9C9993EE8CAA2E547CBC3', '3F09A3678DAA687262B3EE37FB471A34DB5912637AC2FEE746DEEAAF8FF2131F5F3A58D16DB3A178', '341A99AB70F97CA8A91E73F78FEBEF814AAD059B54FB63AEF04C588E4F454182', 'C89571EEE4BE048FF080C8B0E49BD2681D55267E280BB17203F9163274B8AD77', 'Jgilbert201@googlemail.com', '2012-02-07 23:56:55', '90.222.139.33', '0', '0', '2012-02-29 18:36:58', '0', '2', '0', '0', '', '0', '0', '862719727', '5', '0');
INSERT INTO `account` VALUES ('14', 'SamHiggy', '09ACA2BBDF4CC3A5852AE2C55665A305D2180C67', 'BDC6810EE1F04CCBE45382B0BADE452E47D2C5E870D2CB0BF5A255B7BBBB87B4A6F33E3043CD477D', '17CA43AA64A614A4D0226B41E1849E8422412BFA723AE8523BB2730FBC3F6066', '8ABC696E4B4F0E9381CCD4DB87BAB2D0A3BC977EBBE2F0D02C7137A79D6149F3', 'Sam_Higgy95@hotmail.co.uk', '2012-02-09 16:56:50', '109.145.110.28', '0', '0', '2012-02-13 17:43:16', '0', '2', '0', '0', '', '0', '0', '656005860', '15', '0');
INSERT INTO `account` VALUES ('10', 'Jabe', 'B5FC4D09ED1D849D2A4A9B0CD990EDE36AE06121', '9C3D0FBBEFDF89690FB7EC37C0A64CF177A6A66D045C70BAF7AF4638073D967B5DD29280F49EEEDC', '409FF6022512D8F526DF0B062D813F259139B0D761DC4743E53D9BEB0F06CE25', 'FAC37B4ABBFF66322AF0CDCA11E03D90A1969AC617F854B12B9285EE6643DC77', 'Jackwilliamslol@hotmail.com', '2012-02-08 19:00:35', '90.204.108.154', '0', '0', '2012-03-03 11:35:15', '0', '2', '0', '0', '', '0', '1', '654321', '4', '0');
INSERT INTO `account` VALUES ('11', 'Sync', '243774ED4BA9D50C28C3BB19493E3477427104E9', 'D0B9CF2670254854C485E28F0526EB79DAE94D7A1D286611BB1105F74251EB2F277D298410378C61', '3411BC8BB3EA6CFA576F1C6843B2B9B82DB92CEC9594ADC916953A1BFDE920E1', 'B286A591C1D5EA2C58C941F4DF56BAB82D9EB6426ED1174692A94B1C3C434199', 'Stehendrikse@hotmail.co.uk', '2012-02-08 19:06:16', '77.97.75.188', '0', '0', '2012-02-21 16:46:00', '0', '2', '0', '0', '', '0', '0', '719042969', '35', '0');
INSERT INTO `account` VALUES ('12', 'Neosrb', '37E176E08BB684259A0A3931B47846E8D442C781', null, null, null, 'Neosrb@zoonixcommunity.co.cc', '2012-02-08 19:32:24', '127.0.0.1', '0', '0', '0000-00-00 00:00:00', '0', '2', '0', '0', '', '0', '0', '618188477', '0', '0');
INSERT INTO `account` VALUES ('13', 'N1c00', '26715B591CF114BB7031365596932A204BE4799B', 'C4F9B2130DBBCF4019FDA761D71B7D26A8821120D7F21B98A098F6CB8F2DD6A579C0F3211F0A64A8', '22D7E1B130832B6B3879CBF3F66892E009471C8C02EAC00693B7D555AF73F6EF', 'B41D7AD0801C9DE73D0F4BEB7CB5FD601AE56CCBB0C1A43926A4A4D99B922051', 'Xplodingbunyass@yahoo.com', '2012-02-09 00:29:09', '108.39.201.118', '0', '0', '2012-03-02 02:19:36', '0', '2', '0', '0', '', '0', '0', '544091797', '0', '0');
INSERT INTO `account` VALUES ('15', 'Betatester112', 'A15F6194A93F4C1FF489B20F9929FF221B0D3196', '75222788EBE60E0F800BD4673C177D0881690FCBD97921F37BFDB3D075B0F658105C80945E9E9B48', '825FBE8D75E6BAC2333DBD86C459CF642BABBF121E3C948395769FA0AF04F093', 'C245B3B6DF065124C6D46573C887E0DF1561D963215FD8B380621652017278A9', 'Recruitmolten@hotmail.com', '2012-02-09 17:19:07', '93.161.50.138', '0', '0', '2012-02-23 21:28:59', '0', '2', '0', '0', '', '0', '0', '601586914', '0', '0');
INSERT INTO `account` VALUES ('16', 'Michael923', 'CE3A275B95F601ADDA1FE25D723297D5E82601DF', '116B1128EA45A0F9A233D96D7B445939A407BD6E4D0D0B2DC534CFF322ECA4828192F7737755C658', '1C432A492CC74EDF0527DD4FF8265B017B582B602F7AEA1B4958F8623238FFBE', 'F4A0710680D32BED6321A26C6BFE0B13F4FAFD3B52C691BBD63731038BAF860D', 'Mm3322@k12.sd.us', '2012-02-09 20:41:22', '69.77.255.241', '0', '0', '2012-02-14 23:24:36', '0', '2', '0', '0', '', '0', '0', '899853516', '0', '0');
INSERT INTO `account` VALUES ('17', 'Jackaljr6', 'FB004D3ADB83AB9ECDBE7CFFD506C47DB9A04365', 'BA90BEC79D3355E0B86FA522C56FF65826268D4A011AF8FC94045A76D1ACC37A053179877F2D362A', '26E8E8293F6FF92523522EDEE212BCD75E7959B5D678FF9A0346B6A098C9D896', '9941B6BECD5D504D9FC8C983AC72CC1090D31F8C781712DCB91556F5CA6E959D', 'Jackaljr6@gmail.com', '2012-02-09 22:06:59', '99.113.81.121', '0', '0', '2012-02-20 20:40:12', '0', '2', '0', '0', '', '0', '0', '322607422', '25', '0');
INSERT INTO `account` VALUES ('18', 'Diabloxx', 'E7A769A3BC9E023DAADF03FF01411777507D4C3B', '21928B1252A4340ADEA361550498B0E84D8B398EB825D2A2174A9F4B5CC63E414E4F938547DD82E8', '0F0059BC7911A5E6F6C215240DB135BBE2CC90751F660516BD294FEB465184E6', 'F73FE5C64FA1BA2DF93A3E1DAED9D414999C867C553F05C526822E20C1B324D1', 'Appleid@live.no', '2012-02-09 23:15:10', '109.189.115.253', '0', '0', '2012-02-21 19:39:15', '0', '2', '0', '0', '', '0', '0', '333837890', '0', '0');
INSERT INTO `account` VALUES ('19', 'Vindalf01', 'EF07E4E6631068F2F13E8F834BA4C155B66E71CB', '2B2186DB00C24EDFF854F415C1A456EED68440A1D3BF8A96D86058665E5B94ED609FDC199D5A1FBB', '601C80F1D866B7D210219F0DF8E3C04281645D7765D656CC66D34B20B93820A7', 'A689E4B204293E5291FAEADEDD97F8E8610C79BD1D67BC7B705486EBF6200615', 'Vindalf01@hotmail.com', '2012-02-10 00:17:08', '76.115.165.207', '0', '0', '2012-02-19 18:52:06', '0', '2', '0', '0', '', '0', '0', '608520508', '0', '0');
INSERT INTO `account` VALUES ('20', 'Austen260', '0230EF797DDB7E31BA1B814AE2EE3E19776E09C2', null, null, null, 'Austen26@aol.com', '2012-02-10 01:58:15', '127.0.0.1', '0', '0', '0000-00-00 00:00:00', '0', '2', '0', '0', '', '0', '0', '334277344', '15', '0');
INSERT INTO `account` VALUES ('21', 'Thomas122', '2782DD793146BFDCA9264D6569868D54A592BE74', 'B469879CF5E95791E44DCCF9F618B185C487D5C597DFE234E485B20191506F0C798C7E1DBAF56EF3', '2CC7B1508EE6B3C3291E9F7920B7217F3B313CD7F06509BC625AFA8C730FF1E8', '9D985A4851B4A9417F1089CAE78CD440CCB10D4DF766687A87EB6D1C7244719B', 'Thomasstrand12@hotmail.com', '2012-02-10 06:52:07', '83.108.107.47', '0', '0', '2012-02-23 16:02:19', '0', '2', '0', '0', '', '0', '0', '644213867', '0', '0');
INSERT INTO `account` VALUES ('22', 'Whitedarkria', 'BC48BAFB6F05D3D78A87571B2E44D4C444557018', null, null, null, 'Keithd94@gmail.com', '2012-02-10 18:49:33', '127.0.0.1', '0', '0', '0000-00-00 00:00:00', '0', '2', '0', '0', '', '0', '0', '574877930', '0', '0');
INSERT INTO `account` VALUES ('23', 'Wolvegod', 'DC1FBD5B205F864F8488A58829D842A0036F23D1', 'B75CA8B9830548600D3B4907FD3B74F6E22CCFD8520C65787C0350D4C66C603B517825F40AD94FE3', '2DBD3B271AE861EFFBDFF6EDDE808042A4E527485527576D078B097EEE0C070F', '991F221469644D9267FD8B39BD4C0A69BD88CDD23FF3B7D1055DBEE9D32DC68D', 'Validerwow@hotmail.com', '2012-02-10 19:20:18', '76.6.37.19', '0', '0', '2012-02-28 01:15:55', '0', '2', '0', '0', '', '0', '0', '460229492', '5', '0');
INSERT INTO `account` VALUES ('24', 'Gren123', 'C3E0ED6CA530759B9486F28EEEBDE96F9656F8B4', null, '3D5BB126B5FC8DBD245B25FDBB734EBF2B1334028C655F47029CF7592F18A0D7', 'B5B3AE26E9D9B6466BE6525F75F1E9F66AA2868FBE7C75E353466B526A5695E9', 'Gren_36@hotmail.com', '2012-02-10 19:43:14', '127.0.0.1', '0', '0', '0000-00-00 00:00:00', '0', '2', '0', '0', '', '0', '0', '836669922', '0', '0');
INSERT INTO `account` VALUES ('25', 'Kloucek', '710D309FC81DB2D83C9EBA1CC53E264CC7AD3683', '9F0885068BA63A4C37757BFDAE1E40B06AD051478F30E239D1C5DB018014DAF4B79AD6E092C93960', '76F5E6A09F4ECE2961CD1613AA139F5CFB269CF7573F76786FB77BE5DEB9AFAC', 'EF0ACBEBC422D08814FB195163E7C4D16D03DD90DDDE3EC79E6170F2279B54B9', 'Michaelmurphy1998@gmail.com', '2012-02-10 20:47:22', '108.2.149.8', '0', '0', '2012-02-14 01:54:14', '0', '2', '0', '0', '', '0', '0', '341186523', '0', '0');
INSERT INTO `account` VALUES ('26', 'Antidote', '0A30F7441EC863AB2E64A67C9B628110A9EE389A', 'BB1E4DE9D871DE62503ECBF98F37B8BF21EAE51634D209E7B1AA0E6B28AC49F0439156DF1F0295E9', '4D10BA730E756B3A7BCC756BFA8D56309C0153C2ED7C004DFF6B3A2F38D95295', 'CF69B52DB32F4708910CB8B289B234448B028967E941ED1E9B7721D09B0FEB7F', 'Miikka.toyry@hotmail.com', '2012-02-10 20:49:16', '91.154.35.9', '0', '0', '2012-02-19 21:41:36', '0', '2', '0', '0', '', '0', '0', '505859375', '5', '0');
INSERT INTO `account` VALUES ('27', 'Flipzys', '31347CDC18C1055042EB17CAE0EF7CF22AA40CBE', null, null, null, 'Thehellaemail@gmail.com', '2012-02-11 05:39:09', '127.0.0.1', '0', '0', '0000-00-00 00:00:00', '0', '2', '0', '0', '', '0', '0', '665502930', '0', '0');
INSERT INTO `account` VALUES ('28', 'Descendant', 'AFDB9F4EC557BBAC93EB7BED88247ED3EF2894FD', '8592208557B19B471EE4CE8E92C9E1E7AAA931EED51606AA4F343A66553B386465D52226A974BFF3', '3BC870FD350AE4E495EE15B7A800E78BF7EDC286607B6920CA93413F4C337369', '9916D6B847BB02CB0A10867A9FD273B2F752DCD9539B2A0BA3B96C03B30132AB', 'Reldos@hotmail.co.uk', '2012-02-11 12:21:45', '94.72.224.59', '0', '0', '2012-02-12 15:49:33', '0', '2', '0', '0', '', '0', '0', '530737305', '0', '0');
INSERT INTO `account` VALUES ('29', 'Toshkin', '39C4D75C16F8D6A7B3F204DF639AFD97AE4F3BD8', 'D3812EE06CC3D92749D2CF236B582580801EA5277D887869774E435469BF8DB4D196455079EA3360', '30D817D2B64AFCD3CDCE4AC1726BEFC562125482DC3BCA87012FEABF52FD5218', '8C3F99851311F71C675465F67055D1EBA8DEB71B4474A95B3A9A4DE9624340FB', 'Vlichko1972@abv.bgt', '2012-02-11 16:26:02', '94.156.169.217', '0', '0', '2012-02-19 13:07:40', '0', '2', '0', '0', '', '0', '0', '807983399', '0', '0');
INSERT INTO `account` VALUES ('31', 'Beehappy', '56879E81E3880F01FED45FD724271CCDC96CE51D', '143D5B21D27848BBB50D5BF2228E675D7215530F9295482156B077515B6C3358CE92A71500B738DD', '68A70BD7BE601E232B951A553D025D844FF737234FC285362AB60E41425AD13A', 'A3F71DCC703A4DDF16E1D54350BABB3B56A5FDD1B1A3FFE3DDAD4279181361FF', 'Beeehapp6123@yahoo.com', '2012-02-12 10:43:46', '124.105.233.144', '0', '0', '2012-02-12 10:44:34', '0', '2', '0', '0', '', '0', '0', '530737305', '0', '0');
INSERT INTO `account` VALUES ('30', 'Sensation', '4AC9451684977A5B3B8353146AA2F2D73C7CA826', null, null, null, 'WCGarand@gmail.com', '2012-02-12 02:58:49', '127.0.0.1', '0', '0', '0000-00-00 00:00:00', '0', '2', '0', '0', '', '0', '0', '367504883', '0', '0');
INSERT INTO `account` VALUES ('33', 'Sams321', '037107FD2BF95F8D7574EF27DC10E37AD283EB64', '619E97430B7AD2507B144754FD2837C461431DBEC0C334CC91655A4A9EB9736DEFCB99CF64E21888', '15E1EA5266C1047BB549313465AE031552BE50FE32118E6AE8DA669C084D340B', '9DB263007C1DBEC4952574059DE5D89C9FC5424FDACCA729E14F7B341690580B', 'Samsshaun@hotmail.com', '2012-02-12 13:42:28', '87.59.52.93', '0', '0', '2012-02-12 14:43:11', '0', '2', '0', '0', '', '0', '0', '392578125', '5', '0');
INSERT INTO `account` VALUES ('37', 'Gaigeloo', 'F1044632E85684F95A86663ED1F3585BC4969936', '9F198F5C6B69667D1DC2B93A5995B4F405F54B780E9185DC1276E38C8CB47E2A40A542C12A663085', '1AEC90D08065EB3BD6EC73616B4586F46C8C38BDFBE984E66759DD0D4EC4FE6A', 'E547263B7C1CC7A0595185B05D7D8B42B910F0D437791C13A951B7DA56DF59C5', 'Stidih@hotmail.com', '2012-02-12 17:48:25', '91.152.189.80', '0', '0', '2012-03-05 02:22:21', '0', '2', '0', '0', '', '0', '0', '365209961', '20', '0');
INSERT INTO `account` VALUES ('34', 'Pelonai', 'C79FC2D6AB7B21A295B654F7E325CD6060A2131E', '7A25CD59A84CEFFD9E9F89C79E3365411F149ADC3A9590054677C6C8CA1F2EDA351FFDC596996126', '79268A8E24A2FE588FF64D770267FD9C53CEBD479B1FB065D5E68023BA805410', 'DE7D0D6D5E9A0DA6020EAECC76E9D81310F6DE5CC1F7FA45DA6101F5A42126FD', 'Pelonai@hotmail.com', '2012-02-12 13:54:00', '87.59.12.78', '0', '0', '2012-02-26 17:59:47', '0', '2', '0', '0', '', '0', '0', '891772461', '0', '0');
INSERT INTO `account` VALUES ('54', 'David1008', '942CB9EE9E8A139277FB33D139D627169E98D45C', '915CE9598B0845EE99003384F3600F58138269ADC3FEB15D34FBCBB8ECE2C0C686F125929BD6B4B2', '7B7BE4063ED9CB03996AAA7A25AD580C13A7A571B2E4803042C2F5CB8FD4CFD9', 'E78F76A61D850D607021096B87964E6046AB096D6720A2BF4E3527185F030EC5', 'Maachinima@hotmail.com', '2012-02-13 17:37:14', '94.145.116.197', '0', '0', '2012-02-13 18:28:09', '0', '2', '0', '0', '', '0', '0', '216748047', '0', '0');
INSERT INTO `account` VALUES ('35', 'Benwalker', 'F8998F5AC5D34B1E8266747342F34543E91B2E6B', '818D135E809D4EF3CD0BFB91C306D26F5685BC018DA54F0534D5D25C095027EBA338C549DEFA3AAD', '67D53330FE2269F394BD5E9239EE9908C434AE3ABE5BC9FF99189191A3B33672', 'ADB95BA6034BB18ABB9B2E97BC7B28E3421F83A4E78B1990B5D978AEBCEFF2CD', '06walkerb@googlemail.com', '2012-02-12 16:32:53', '94.14.178.228', '0', '0', '2012-02-13 13:09:52', '0', '2', '0', '0', '', '0', '0', '242797851', '0', '0');
INSERT INTO `account` VALUES ('38', 'Derick990', '6FB7B571135441377273ADC1D62D49F70FE27238', '41F16518A77B2AB0E8D17217CB4F703FBCD053BC46D2940C97D08072F2AF90CAD14E034A1062C243', '490E47141A07E03CFE4C7CC6AD76E14997F936045E09932885320973DAF329E8', 'BCB28FB021F65BB66F7A35EFBF37E9A6FE390FB88BFBDC69A60D479AAA7BA12B', 'Zoomzoomzoom34@yahoo.com', '2012-02-12 18:36:14', '24.10.254.93', '0', '0', '2012-02-12 18:37:08', '0', '2', '0', '0', '', '0', '0', '425927734', '0', '0');
INSERT INTO `account` VALUES ('39', 'Randycruz', '4A587169E28C19E5451990D8385D688015F7BF0E', '81986CFAF1E4ABC02E36BDD4E56756ED3847E433DD4EADA8602E5986A78C98BEF6E454142D3F6769', '0D110C63124BC87D4D3AAB7ED821F42E138A2B27140E5BCB5807C6CFFB62425A', 'C7EE0E80C77C0751D10D0016BADC201BC5EBED91AC4D91A8DC8DB6320D2F36E3', 'Randycruz30@yahoo.com', '2012-02-12 18:54:02', '71.206.65.45', '0', '0', '2012-02-12 18:54:48', '0', '2', '0', '0', '', '0', '0', '452856445', '0', '0');
INSERT INTO `account` VALUES ('40', 'LOKI', 'BA6B8BFB2F7A6FDB2CCFD6FC2A811219E8E6A7A0', 'D53F9BDC90512D4D6CB1B9EB67B6FF758B3DF86F498A2AADFBEBB6498139E5C249C24F8410E699AE', '7E6AD4F5798BFCE93B7609B111C4364EDCDF34ED79E97B93BAF5BC5CC4B83813', 'F4DACD7EFDA7BC4F18910A248C0C91FB7860E88F22710CAB66AE9BE441652129', 'Staldeano@hotmail.com', '2012-02-12 19:03:56', '86.147.161.220', '0', '0', '2012-02-19 15:21:54', '0', '2', '0', '0', '', '0', '0', '733862305', '35', '0');
INSERT INTO `account` VALUES ('41', 'David108', 'E7E5C63EDFC38938A0E29F822566CDF338033B90', '7304BAF73D20AF438154DBA01F5AC5D38338B07EC83126A367FD519725AB4BDBE85077E51E68577C', '3C1C7E01AF6F2113A5C5F01C30683F4722BAE4FA5E33C47CD608496D9E631473', 'B481A7BA563B6DBE17FF4F5FD80551433F41D38A90E642B0908414164384D435', 'Ariansweden@hotmail.com', '2012-02-12 19:46:29', '93.165.119.81', '0', '0', '2012-02-18 14:01:51', '0', '2', '0', '0', '', '0', '0', '866943360', '0', '0');
INSERT INTO `account` VALUES ('42', 'Sleepy11', '1811E09D9C1603B605CBE4721D6970663FC7A8B0', null, null, null, 'Codymauthe@yahoo.com', '2012-02-12 20:52:25', '127.0.0.1', '0', '0', '0000-00-00 00:00:00', '0', '2', '0', '0', '', '0', '0', '212304687', '0', '0');
INSERT INTO `account` VALUES ('46', 'Evokid', '7B952F08B0AE66F5987ECD9A0EF4441A659088BC', '23A1369A05B8DC6847CF7E7D23AD9A2761E992E3455274F0FB2E5AAC77FE8BEAD9946EF284212257', '482A8A14B6FC4A53968B6C8F3F377661CAAD7A72DFCBD1D7C4B7BEB3F9F61F8F', 'D009DC8DC541497A16AC67DF1965E0F4D38D8989F4612D107B12220E861D1FB7', 'Gessicool@hotmail.com', '2012-02-13 15:33:21', '194.105.225.79', '0', '0', '2012-02-13 15:34:00', '0', '2', '0', '0', '', '0', '0', '234814453', '0', '0');
INSERT INTO `account` VALUES ('43', 'Goodguy6580', '02692E89D81F2971AF8B92EB80606C96EC8ED7C4', 'AC68AE87A48BB1B593B123231F6E8D50D8DD69F419ED539D543DFF4A90825429B2390A9C59390DFF', '5B04894F09C8C770B0E1F04B550715E435C140386F7B10BF7D3F73BD2AB75B20', '900011730E38F59F32D84982E90F371ACF2E5A5DED008472E12C5D6313DCEF2B', 'I.tamper.with.the.evidence.at.odins.murder.site@hotmail.com', '2012-02-13 07:17:56', '98.232.128.217', '0', '0', '2012-03-03 13:15:54', '0', '2', '0', '0', '', '0', '0', '562963867', '10', '0');
INSERT INTO `account` VALUES ('44', 'Mjafko', 'AAABB2A439D00CB7F8A6C8084FAFFF3F00CAE5AB', '7E222A697C1E093A33FB92B802024466195B32D9873CA9DA5352F2C183DD812AB8B64B1A9DD1BD58', '2019EB937F706F9718172515F378C09D7356CCECBCB4D33028350440952953AD', 'D1C9B7747AE2B1E6A3209695732158C4D08F9A1573E2CF4CA804AC29CDBAD2C1', 'Marko.divjak17@gmail.com', '2012-02-13 11:36:19', '164.8.215.107', '0', '0', '2012-02-13 11:43:55', '0', '2', '0', '0', '', '0', '0', '306250000', '0', '0');
INSERT INTO `account` VALUES ('45', 'Betitsucks', 'DB57DE15E432DD255A4DC6A2A2DB71B9F822BDE8', 'ABF3F16923F5546D2E81AF2CFD7B7AE3A21FC9F3B1C1C1E3603F2526C8A9BE5D8CDA780CE448DE96', '7642F6A0013A5D698EEE6CED60EE5D1CD00F3E54055305DC2F11EB30773880EC', 'EB2AAF1BCD6DD290B4464E577C2BD4D48819F82FE53A7AF60E880151C41CE007', 'Just4uok@hotmail.co.uk', '2012-02-13 13:14:17', '82.19.112.247', '0', '0', '2012-02-13 13:19:48', '0', '2', '0', '0', '', '0', '0', '123095703', '0', '0');
INSERT INTO `account` VALUES ('47', 'Adelinutzzu', 'C721241F73A8DED67EE09272599807AB3AB972EC', 'E1C62CDC4C5E662B659E669BEC0BA1F9DFFBCC0992A4BB8D5B915443D5B178A910305F4B23D5BEA4', '6280DD0C982D4F78EDC4F77B76B95DE06999802222A63AD7EED684E62D494287', 'EE48D4139CC49C8C7DB4DF00AF63D368236F258F64F9AFDE9FBA01B37D315817', 'Adelinutzzu@yahoo.com', '2012-02-13 15:39:07', '79.118.237.217', '0', '0', '2012-02-13 21:02:28', '0', '2', '0', '0', '', '0', '0', '855419922', '0', '0');
INSERT INTO `account` VALUES ('48', 'Imrankone', 'A674CE7B398B645D1B6B5695A9B32154E3374C29', '23CFE6C0541CDB8A84325183562D005CDF785D5D6314060DE6EE2164C13DE48EA50F14F88B7529E0', '64A6B4786DAC004CC36FF5A80B90ED6A19569A54673A2420748DA22700BD170E', 'E06916A7DDA903D0E7DB26F15F75B4A5EA2962EF61CEA0DD6815ABBD36C420D9', 'Gabsansa@hotmail.com', '2012-02-13 15:40:53', '177.16.44.26', '0', '0', '2012-02-13 16:01:17', '0', '2', '0', '0', '', '0', '0', '535693359', '0', '0');
INSERT INTO `account` VALUES ('49', 'Xirva', '0DE96BE40993667691262E81FA46F3B8E7EAB017', '17E337EBCF7E0A27EBFCE6C21CCA34C302A3F91222821DFD8C9BD997CA4BDFC746484FD7A1EF743B', '3C43F31C0323FB9F7E58EBADECFAD899D2DDDA83117E4B24FC97D459022DDD9B', 'C6DCCC18EB1CD377C6CFF6549274EA2C7B22CC8DB3ADA5B7EC515033A833399F', 'Asadt3@hotmail.com', '2012-02-13 15:47:53', '91.154.15.174', '0', '0', '2012-02-13 15:48:26', '0', '2', '0', '0', '', '0', '0', '708642578', '0', '0');
INSERT INTO `account` VALUES ('50', 'Ozzythemsn', '5E83C09819C63CAC48E09043BF8921F28992E913', '611329C01942F288A70786CF02D3C71D58258F741E93AE6D20458ED9E4E3EE2425E114F36FBAC9EA', '7295AF7807CFAE12A2D84CAF4EF35FAC3FFB7FBAF8499BA340AE957DED35926F', 'DA008D8791D10F43163073A99F534EA847795EF6EEFB5350EF328C6412C8D135', 'Fauchannel@hotmail.com', '2012-02-13 16:15:56', '92.244.19.245', '0', '0', '2012-02-13 16:19:11', '0', '2', '0', '0', '', '0', '0', '375244140', '0', '0');
INSERT INTO `account` VALUES ('51', 'Moldow', 'F638B2D5C189744E8567ED67BEB069A87F72AEDA', '56ADE73D3ADDDC4D365D2FA3E15D4EADC66E736D5028F7390A6AD2899C0E67AE54ED0B66F5435774', '824A3F4E4846DA88D44EC37EAF14EE93C4212DAEED9CE14BA1B1D65E1A60717E', 'BB19363F0BA0158015A79383E50CD4F26DCDBA861BF8BE93191871EF7A04DB09', 'Mdsrthgrn790@gmail.com', '2012-02-13 16:25:59', '93.163.228.174', '0', '0', '2012-03-04 14:02:46', '0', '2', '0', '0', '', '0', '0', '204882812', '10', '0');
INSERT INTO `account` VALUES ('52', 'Lemby', '097E029F9E48706DF6001385C18AAECB05D336EB', '1BA9EAF4B3C8B0A484B147D29EADF0608F8BA90F216B7EA1D385F35B3D6E063E1DB9BBAA43717407', '70151BB34C6730F42EC80A0090AEE1AC838118CB254A9380E9E98CDB14D8963C', 'B05645A44A00391670C125A1C5AF3A17B3D049249EF8D5617D9D2347FCBF46D1', 'Marco_visser1@hotmail.com', '2012-02-13 16:37:04', '62.195.22.52', '0', '0', '2012-02-19 19:18:17', '0', '2', '0', '0', '', '0', '0', '559545899', '0', '0');
INSERT INTO `account` VALUES ('53', 'Freshking123', '4C85804CBB6D630886943E5E57D425819ABB0BB1', '0F6C816FE6E1C84AA6EDD02F390900FC17AF56C868F85AC2310597A65328DBE22374ADC5FE15094F', '5BA4F0A19C7C8F8B1F95220B47EDAEB5680F03C4B9E5654E7F4FEBDA6B7C4E2C', 'EAE30125573FAB6F224A19DC146BEB4E5D2E21E2F9463CC78C943C5C3F2FA3AF', 'Kees@hotmail.com', '2012-02-13 16:56:11', '62.195.22.52', '0', '0', '2012-02-13 19:47:44', '0', '2', '0', '0', '', '0', '0', '185302734', '0', '0');
INSERT INTO `account` VALUES ('55', 'Andershc', '1211CDF2E71A1FAC403A40BB3086026981C62B77', '87F94B1FE80C86F19ECF7EB4ADE8D3944E13FC3D7DF6B1F2329F6357F34AD1D937C3B75A0C98054D', '0DF4C8C810821EDD2D8887DE00CA82862A23CEBF9EF180B4F134DC32CF8E5703', '90AE957C676A2EC9B01ADE64AD61FD488754D98A962A1F77D08116CA4329BE23', 'AnderS_1995_@hotmai.com', '2012-02-13 18:45:07', '188.177.250.67', '0', '0', '2012-02-13 18:46:09', '0', '2', '0', '0', '', '0', '0', '785253907', '0', '0');
INSERT INTO `account` VALUES ('58', 'Gitarr', '796EFE0B44F2943B3AB50A9BFF79D86D8200B03D', '03B2324AD53381242053187B5504FB36B084D999215152F22729E782EAF8C50847E75A4CBAD420A2', '7AE05BC75F49402DAF9769A0BB5ED045A58DA2F461E2B2BC6AA5B43168E2932D', 'E0327B7085739E8D632DCFB40871A72076D1D86543200AA86FAEB24933E66447', 'Tobbe.s.94@hotmail.com', '2012-02-13 20:00:04', '213.65.141.149', '0', '0', '2012-02-29 18:53:49', '0', '2', '0', '0', '', '0', '0', '656127930', '5', '0');
INSERT INTO `account` VALUES ('56', 'Swat54swe', 'E586B79FDC7D2DF746446C79B8A53B742EA535D7', '74D9E70C0A347726B5E65596CFBB2B1F915FBDAC9EBA2931C7FE18254D1C93343E982655FFDD8295', '39E90CCC74A0BC63D5F6C9A93E2B5BE319027FC1778CEAD4C30F47921EF399E3', 'D2598EFA6EE9073FC2F393C5DE72818DB095F3F3F2EE50D9AE083D3F82223B4B', 'Us.95@hotmail.com', '2012-02-13 19:38:59', '90.224.51.36', '0', '0', '2012-02-13 19:40:41', '0', '2', '0', '0', '', '0', '0', '191479492', '5', '0');
INSERT INTO `account` VALUES ('57', 'Fishboi121', '5F88A6FBCAC96BEC8BC145CE4DDC59A15B2E7A0B', '4101DD296F985D6319C0587C25FCC4FF19035F21B35F447A2082475FAF46326E2B5CDEE58E9645D7', '01AEA18EFF0DBECD6E634E1A64392B480D6804F6E16C2AA290BFAEE0C83B5B8A', '97FC81F9B646D517CC447E64F6A408346D1082DEE79A494B4139946B7243DCF3', 'Ryantrev@hotmail.co.uk', '2012-02-13 19:40:49', '82.21.82.9', '0', '0', '2012-02-19 02:11:33', '0', '2', '0', '0', '', '0', '0', '317041015', '0', '0');
INSERT INTO `account` VALUES ('59', 'Flakk', 'E8A8B468C44CC43A880B373E601BD4EE5CA9D7F1', 'D8DE47BB2BFB85951227FC04D90427E18CE9378B72DF17EF694410059C9D5C80976D2BA69295466D', '5A7E5291FCC4D93A271DDABB14AC168B32D72BB66A06484FD02B276BB7339491', 'CE2C50427F03D9ADE69031FB5075C041637828E9A63386D4D20F5DC259A43355', 'WCGarand@gmail.com', '2012-02-13 21:48:21', '174.48.213.4', '0', '0', '2012-02-26 17:48:44', '0', '2', '0', '0', '', '0', '0', '614233399', '0', '0');
INSERT INTO `account` VALUES ('60', 'Sleepy112', 'D03661ED3CFEF8A15DC11EDD8285C2CF3EEE9133', 'FCD745973ECAE05A7D3D1464354FF86CEE5040D07F4F875071C8411C18B112097E693D2372BE3D4C', '7766C0EED599574A5091122A4F679B066039022B35D04BE71473EF89A9694F63', 'C91E7532D2D541C71202EA179B064B6B4AF040149B6C3354C36C2CF9CCB4E2BD', 'Codymauthe@yahoo.com', '2012-02-13 22:50:20', '99.139.224.59', '0', '0', '2012-02-13 22:53:05', '0', '2', '0', '0', '', '0', '0', '683349610', '0', '0');
INSERT INTO `account` VALUES ('61', '80man', '837C6DB0FC08D7A812CF9B57D190E7D168F9EF2D', '89D3A1667F5557CEC7060B00D934B1AEC6DE6B355AEABAFA9B5F3B5992FA98A7C7D3BABEF1DF658B', '42749E89022A75140211DA964C8DE5D3A3C1EDDD9E0B504B8E1AC77144E1C6D7', 'AF2AB537F448FB79668C15D277845F763A5BBD330FDA1ED271459A26A2D3ECF1', 'Brettandsuch@gmail.com', '2012-02-13 23:00:43', '67.177.174.186', '0', '0', '2012-02-13 23:01:34', '0', '2', '0', '0', '', '0', '0', '332983398', '0', '0');
INSERT INTO `account` VALUES ('62', 'N1c0', 'DBF0736E19451A417E51886E23E927FDB539ABA7', '5973C28B5EE5E3CA6A49F0CEEF1B697BFC67C637889BEC67D3DEC4CB2750D9814ABA070486A5B391', '2C25CD71727A3F0B13A52E0CFEE296D50C9485506C077DC94C22A44449F6EF3F', 'E19B5C48F69A65C8EDC30260E3A67F1790B134523E88295FFC9CA718AC5B2A0D', 'Nojoenojoe99@yahoo.com', '2012-02-13 23:53:31', '108.39.201.118', '0', '0', '2012-02-26 02:55:54', '0', '2', '0', '0', '', '0', '0', '539746094', '0', '0');
INSERT INTO `account` VALUES ('63', 'Jakefloyd21', '22EA6C7B8F9F11F68059F4D026192A77A56D2013', '735782EB6F50D341A3C939A7F19A9AEB062A639CFBA05129E9B2EC171063D8D4955C33DB53DF65DA', '607D8814CD498674989A3796DA748FBF424B61575092D47EF3A4416B27355621', '941DFBC6F984CA08428C77CD7F190CC633CDDA304661E2CA0CE618DB121EF53B', 'Jaf21@live.com', '2012-02-14 01:26:59', '66.212.39.53', '0', '0', '2012-03-04 20:30:38', '0', '2', '0', '0', '', '0', '0', '699536133', '10', '0');
INSERT INTO `account` VALUES ('64', 'Reedalina', '5E1B62FC50C67ED86805D051A9AE13DEE17B7864', 'C11A306CBD70F64C5AB03B0E188E6E58D7A2DD71A7792E99B1E6211CAFA56D78DF7547FBCC4B0E5C', '1BBA507ACE014DEB7BB6268AF6161BA9EC242B03D7F89AF15864A3122B48740F', 'A67610522C6668F6CB4FFFF0D31AA63CFB2ACD56B133956CAD593C44879C8D51', 'Gatess@live.com', '2012-02-14 01:38:45', '70.113.68.199', '0', '0', '2012-02-14 01:39:21', '0', '2', '0', '0', '', '0', '0', '467993164', '0', '0');
INSERT INTO `account` VALUES ('65', 'Jackaljr666', 'BFD3DE9192DC4438CA590EE7EA44ED407E6CF309', 'EFD8232BF03589C8867D2F41C75411C637B3A2387441BB9B2F1011D29EC40FC204F0C402408F293C', '26BA85809A1A70E3A1539F1CDB9BFFB2F7FD5E81906939AE13DD0149120FCBB4', 'AE536AEA540B752DE2DB209E2240ADDB4F5B2B4610EB14628E8ADBCC5F7D586F', 'Jackaljr666@gmail.com', '2012-02-14 02:22:24', '99.172.77.130', '0', '0', '2012-02-15 02:48:15', '0', '2', '0', '0', '', '0', '0', '593041992', '5', '0');
INSERT INTO `account` VALUES ('66', 'Jakefloyd22', '47E19587749AC3AE93A9459D2FCC9561656AB48C', '93F230E75D5542394E064E451575008343B823B98E2018C6E6D566728310EA60664F7CB4A13E07EA', '177C35C43CE5773371EC0F303A52EE11067C59F617423C659F5ECBA7657AC89A', 'DC0206F0C84FB7E829145A31421CD1995043B5A528419641C08151BDBE108727', 'Lolwutfloyd@live.com', '2012-02-14 02:26:45', '66.212.39.53', '0', '0', '2012-03-03 22:42:34', '0', '2', '0', '0', '', '0', '0', '140087890', '10', '0');
INSERT INTO `account` VALUES ('67', 'Sjustin1996', '01B0522182B623507B4C8EEB6361C09DB233F46B', 'D435BD83562C6E5C14F3466D3E591BADB5512E1E5A822BCAC86C7E81A21D45078DADE94FAA1FE6A7', '797EA5B2D4078BF98EC2C360EEA831D7F4216A16966F19925512097E423EAA5B', 'CEA76070C68CF1C5570265418ACE8E520255094B18C2554229AAFBDA059B86FB', 'Sjustin1996@yahoo.com', '2012-02-14 03:44:59', '24.17.88.216', '0', '0', '2012-02-14 03:46:03', '0', '2', '0', '0', '', '0', '0', '152465820', '0', '0');
INSERT INTO `account` VALUES ('68', 'Tylerlholmes', 'C35AD265CBF8AA029F481B3AD6655519783ACF84', '68262E90AE89A79808DB29F1F737A0DB3B7E70C98D6956D668FA6FB013F07201BF6411F3CBDE3F92', '1EB4490D4F4517556A248F55F9C1D8628B88B3FF28F83BAE4F942009AAE05FE3', 'E5908A6F2E401D58FAB4ACF9C2745F9610D82037D6C19CD9AB2D1A24A6947E19', 'Tylerholmes69@att.net', '2012-02-14 06:04:29', '174.62.119.192', '0', '0', '2012-02-20 06:02:47', '0', '2', '0', '0', '', '0', '0', '893896485', '10', '0');
INSERT INTO `account` VALUES ('69', 'Kyelleke', '3357C70DA731CF50C2BD6F3FC38CE8F3AD7BAFD1', 'DA6317177ECE9A269BBFC0709C4DC0AE9EAB5C7AC9E48651B29BD47622212BC555498A26FE3BF9F6', '6BCD600586EF5929B4C8FC1279CDF793A10981E1ABA397AA4CCD1FBAD22EC4C8', 'BEF504E34B01A276631DD0C623CDAC8E3E0CA3DC8E3D38C306CA5FF31FAAA88F', 'Kyelleke2@hotmail.com', '2012-02-14 09:53:47', '213.118.243.110', '0', '0', '2012-02-20 15:19:28', '0', '2', '0', '0', '', '0', '0', '150195312', '0', '0');
INSERT INTO `account` VALUES ('70', 'Tube15', 'A166BD6B5AECC11A553A07581D6356E41A71D448', '16CA1BBB66BA66F0CCD7830A57D59598CFB15233BBB66E5A4860B241526B7426908A8151AE99EBF4', '4B42078A71CE9D08DB1DC6963F0963E46491835405AE38D615EC23522DED13CD', 'BC6C32E3916919F80D07CBDA885BA8DDC07ED7A71F395BF9A5EDDBD20037B2B5', 'Tube98@hotmail.com', '2012-02-14 13:21:46', '87.59.12.78', '0', '0', '2012-02-14 13:22:40', '0', '2', '0', '0', '', '0', '0', '398413086', '0', '0');
INSERT INTO `account` VALUES ('71', 'Tkilla', '0256600DA9DDC6FE029D908C584F9E670F1DD682', null, null, null, 'Tylerdufrene55@yahoo.com', '2012-02-14 13:30:40', '127.0.0.1', '0', '0', '0000-00-00 00:00:00', '0', '2', '0', '0', '', '0', '0', '396679687', '0', '0');
INSERT INTO `account` VALUES ('72', 'Elliottlovell96', '6A3FC1BA1E8A4052C7A69297D7C13086D127CE46', 'F2684431089E8C8282816C4BDCDBAF1D4A5E02080A41FE096E542D972CBC924E1D2FBACD0CC897A9', '5058EBB4016B36FE315F247C28368E8E08FB1252496D8BC73EBA88B7530E905F', '806F1686E009366EE967F19AB5A7C070DE37EA6D00BA131D67D74661DDB80995', 'Elliott.c.l@live.co.uk', '2012-02-14 14:58:53', '2.120.165.255', '0', '0', '2012-02-14 15:33:22', '0', '2', '0', '0', '', '0', '0', '100952148', '0', '0');
INSERT INTO `account` VALUES ('75', 'Diablox', '4FAB580807DBDFE1DBECF45F745FC79B7B48EB7B', 'E79D9ACE3A8AEF307335212E6DEC8C969C1B2CBC5500C74FEB138851A1C2CC88A2800118FDE68989', '0197C1C12A6E0E82405F76AE065A53E1B6D19AB10F88A0264666F185ADB2ADB1', 'E43969E732DE666C48D2DFA087B7775F70A2E6A439CCEC875142C721A85E5C13', 'Appleid@live.no', '2012-02-14 15:45:36', '109.189.115.253', '0', '0', '2012-02-21 19:35:58', '0', '2', '0', '0', '', '0', '0', '395898437', '5', '0');
INSERT INTO `account` VALUES ('73', 'Hgs020', '2182A1FD92DC3CCCA6BC4421238A80F14A5F314F', '11CD5A6C948B572A99906C643B346A0E2D7E616CA2933F2F988F9B02170F00D22C32151615ADE6E4', '385C2913D4FAEFB57BACABBF246676FE6A68AA1BB8A57038EBE84DE84A0AD3B3', 'DBAFC5E29CACD248AEF9622334CA3D60C43CA94E1C01089BDB8BE83F24D714C5', 'Hgs020@live.com', '2012-02-14 15:01:07', '62.16.184.125', '0', '0', '2012-02-14 18:52:49', '0', '2', '0', '0', '', '0', '0', '251562500', '5', '0');
INSERT INTO `account` VALUES ('74', 'Ragnarlogi', '6470A0E126A504E2869B4F9A8A110B16CB6D0F95', '5F43304FF97879808E9740F344E8B2EA237C429A68F0947F0D468F073CD8A533561564BBF5082E9E', '7302BF9F9FFDF37C9C2404587181A96536800156DCFC519DEBA65CC70BEF5C02', 'F77FD7B048445C38065DE825DF93E3937579188FF6C06BB5C10678BCB8216707', 'Kukur66@hotmail.com', '2012-02-14 15:03:51', '89.160.196.106', '0', '0', '2012-02-14 15:04:32', '0', '2', '0', '0', '', '0', '0', '533300781', '0', '0');
INSERT INTO `account` VALUES ('76', 'Diablo', '3B60BC04205C7020041352096C2D18AC3AEC11BA', '056078ADFBEE4995AB1EC597068897CB485B2F322E1B08F8FEB0113B442C942C836FCAC5C7C07E4F', '092506AFC6E2A058A3C341B37D78D97C162175BED4126CD289A57FE8FC035D18', '828F4B6942A4927A2D26757D3C4E70511C8DB3B44355C643C53CDA83F19D298B', 'Appleid@live.no', '2012-02-14 15:46:27', '109.189.115.253', '0', '0', '2012-02-21 19:36:04', '0', '2', '0', '0', '', '0', '0', '506811523', '5', '0');
INSERT INTO `account` VALUES ('77', 'Diabloxxx', '9FC5B8F21DDAD1393BDAE25E438DC6C2BF957971', '37A9239BF00BA61210A3C4C00760DCDF71EA5A417B9CCA60147C11A8E83B3C46AE9E18CC4F474AD3', '05F8E17465ACECA64E709ACA5F64BEB738DE397F50B8938E9588741AA93F72FB', '951BF61ABE9F6505E988221FED1B9474C7EC3EB66FCD30915698C9A876F4E8F9', 'Appleid@live.no', '2012-02-14 15:46:54', '109.189.115.253', '0', '0', '2012-02-21 19:36:11', '0', '2', '0', '0', '', '0', '0', '207080078', '5', '0');
INSERT INTO `account` VALUES ('78', 'Diabloxxxx', '5F1391E9A98D12DC96187ED4EA1B192EA95286B1', '31B33DD52A8436C41977BACABC9E9F6F6DBFC4899D2DF39317F631F145F6412A7C238ED643406E65', '6C859880AB1ECC553686C4098C4EBD77395205CD8F157B682CAB09DFA471249C', '916BC8A988F12AD0AE3FA8D80A0D4B591838EE5B4ED3E212E98D9BC7C4F5F577', 'Appleid@live.no', '2012-02-14 15:47:09', '109.189.115.253', '0', '0', '2012-02-21 19:36:18', '0', '2', '0', '0', '', '0', '0', '480688477', '0', '0');
INSERT INTO `account` VALUES ('79', 'Felixmaster', '7C26DDCD6DAC4CE6CB3CC103CC9E11010AB8FC77', 'CA4462393E7C9A84E93776AED9C4087CE804B2A9223047BE3E43DA19CFB933B727F6C6EB99D4F584', '226C90037D08E5372902887EF3C96516F5FF569FAA8ED78A745FD5F4ECF61AD0', '9A62387A23C76EFA6346E6877E5B06A96A2C19A1BCC7D6EE6A516FF98DA86C21', 'Fenellen@hotmail.co.uk', '2012-02-14 17:11:21', '87.102.85.85', '0', '0', '2012-02-21 08:38:06', '0', '2', '0', '0', '', '0', '0', '572558594', '0', '0');
INSERT INTO `account` VALUES ('82', 'Polo', '30AD7A9373F1DF46F9BBFA75A7A1EEAE2B716B50', '57A7C581425D96F87FFCCAEA4D343F1C8813F4D95C99647F5514EB27E2203DE46458AD2FE8F02F6A', '15A8252845D7145C63D55CA63BBEB1F06D33FFDBC4D785DA63C2456350896621', 'FCFFAEFB7EEECBEDAAD792E71CFE7F201FD8AAAE90AC5D17929DF1FC0A555367', 'Marky152010@hotmail.co.uk', '2012-02-14 18:19:36', '92.235.90.5', '0', '0', '2012-02-14 18:28:38', '0', '2', '0', '0', '', '0', '0', '290820312', '0', '0');
INSERT INTO `account` VALUES ('80', 'Showteek', '1DC25E90449A61E2B07C4016AF96F1BB014FCCA6', '60182C0C722EB131EDF249412459F0149756D33F0951960B875109DA5BF0CE5BA7FF9E7AC307D32D', '385C3656AF756B1A9988903E4AD50798712DA4D15A56B9BECACD5B58ED379732', 'E7E7EA61CAE0CEEFFAC3378FCDBB70233033ADD5F33EFA3BD87C3C27ACE538F1', 'Fredde1z@hotmail.com', '2012-02-14 18:04:36', '94.255.242.129', '0', '0', '2012-02-14 18:05:13', '0', '2', '0', '0', '', '0', '0', '869555665', '0', '0');
INSERT INTO `account` VALUES ('83', 'Wannabesnow', '6BEEE2BA45DD2E460DF4F4635AEA424CA00BCBE8', null, null, null, 'Harbocola@live.dk', '2012-02-14 19:13:52', '127.0.0.1', '0', '0', '0000-00-00 00:00:00', '0', '2', '0', '0', '', '0', '0', '786083985', '0', '0');
INSERT INTO `account` VALUES ('81', 'BK2710', 'FB2B0011EDF17F44F5CFE59CB09CF5CD7FFBD0AF', 'A2D3825F8CEC7EC92491B55C6E48E5A3749FE2071573E16E56C4C8E982F705EC1ED4ED0D4D1AC91D', '5FE58E5257101EC3A25BEE10403FDE8186D3DEE7D8577A4FE35FB9A88F0BB6FA', 'B2ABF45878C38C518573FB5235DB41217E0FBC5BF1F2B305A6E1DF8A61B021D5', '123451993@gmx.de', '2012-02-14 18:11:31', '92.72.185.25', '0', '0', '2012-02-14 20:47:48', '0', '2', '0', '0', '', '0', '0', '352270508', '0', '0');
INSERT INTO `account` VALUES ('84', 'Quee', 'EF6EF779F6DB7241C625B31DBCDAB8D055E9750D', '447B7974927702CF8CCE449A7A893DB267E1E44D59ABEA866C357BED55A5E4ED36B3939823213356', '0C95055497BF2A712859ECAEA9CE188655A45CF0784385EC9B8CE925D7F1E6C9', 'F09FD84951957ED4BFEC4202C20F7E748171EEAFD17D2415D31F148CECA2EB2D', 'Vcharmetrolen@live.dk', '2012-02-14 21:40:20', '87.54.207.239', '0', '0', '2012-02-25 22:32:29', '0', '2', '0', '0', '', '0', '0', '290747070', '0', '0');
INSERT INTO `account` VALUES ('85', 'Willumarryme', '251E3E0265C74464E4C801959DA44099359F524B', null, null, null, 'Baseball.kid45@hotmail.com', '2012-02-14 23:30:36', '127.0.0.1', '0', '0', '0000-00-00 00:00:00', '0', '2', '0', '0', '', '0', '0', '157958984', '0', '0');
INSERT INTO `account` VALUES ('86', 'Blau178', '519396405D1ED27F29088288E77729B5350092E1', '7553D33335BE1FA3F66E8D0D8087EA37B3AEEBE9322EE604550520B6FAE6B98B8B1FD4D1C637F3A7', '7B9439B39182A67CC9956EE6D3BA75AFAA45CA817EC2BF1BD5F763EF0F38D4D6', 'F8FDC8AFD83D08B77957370A5CF541A385E12FC9179B2F885E4A948AFE715989', 'Sebastian.kohlhaw@yahoo.de', '2012-02-15 13:24:35', '92.50.105.200', '0', '0', '2012-02-15 13:59:18', '0', '2', '0', '0', '', '0', '0', '674194336', '0', '0');
INSERT INTO `account` VALUES ('87', 'Npl1234', 'ADCCC877C964714CF16E010BFEE3B56A584C5A1F', '1787577992D9D2BCF11E0C8B8ABD86C9E48989C8F2F15372CC56C46AAD34E7003E75883E9CA9FE50', '5AAA3E5CB61E8FD35273AF648C67BC0967BE3B205015907D16D36917162FCC4E', 'EF59FF58E8A32E083FA7E07AD53AA7CCC3655B965F7D967680F7A9CB18B8B027', 'Lolatschlolatsch@yahoo.de', '2012-02-15 14:21:36', '92.230.245.56', '0', '0', '2012-02-20 10:37:40', '0', '2', '0', '0', '', '0', '0', '858496094', '0', '0');
INSERT INTO `account` VALUES ('102', 'Hussam', 'EE505C77E38384AC27A68481FF13A340362D6598', '0584DD78703E9E6225A6B5508C91400FB2D5E651A668F83FC5B1E9B1DC4DA2AFD408B2AD03567C79', '3D1641FA934F677E812C24523A6A4692ADB2D597F9D46AE1873F14DAF6AA26D2', 'C7A52853FECF1897E63E85D3F05DC90D48ABD9D69551FF3E58B61B766F485745', 'Hussy-rox@hotmail.com', '2012-02-16 18:29:13', '168.187.34.169', '0', '0', '2012-03-04 17:42:26', '0', '2', '0', '0', '', '0', '0', '175000000', '15', '0');
INSERT INTO `account` VALUES ('88', 'Lucasbourges', 'A6CF8D5407C1AE91915A7823488BA331F08E864B', 'A35CF76A8D9F203C8679EF777228CF533D6AC5A368524FEF5CE79519395CF6A2EB093E781BABD1AF', '32C89A1618CAAC0EF432296F43519A80FB9B9D72AF45A1465C87E16291FAB002', 'F5318E7603FE7AC725B3511EC56B0DA6D03C3063A168BAE0779168BA7EA73D7F', 'Lucasbourge@hotmail.fr', '2012-02-15 19:10:52', '82.246.203.217', '0', '0', '2012-02-15 19:16:22', '0', '2', '0', '2', '', '0', '0', '870849610', '0', '0');
INSERT INTO `account` VALUES ('89', 'WhiteDarkrai', '9886EA8D40BD7DAE180768F7982FD6AB69BA3305', '75917223DDC5AFCB6B15A15B550317070D9967D0B0570DD97FD8E7241451CFED0C13B72068AC2810', '752DA067CF882F589E2434296EBFFAE76F78C05724996C8001FA8B2E75813AB0', 'A4E681AAE3AFFF35146BCFA38D1F32501377CCC82107E2D8A15F15C980F10C6B', 'Keithd94@gmail.com', '2012-02-15 20:45:59', '173.191.186.72', '0', '0', '2012-03-05 02:24:11', '0', '2', '0', '0', '', '0', '0', '190405273', '19', '0');
INSERT INTO `account` VALUES ('90', 'Apocolipse', '2D1900025EBA403EF3D733888957995D1FE0B3C9', '7BCC128660D690118F345154E2D07DFFB124F80D50091C1D6E585458B1B39C840DA4654A120F0B0C', '4BE0951F05AE102EFD375DB2BA04B322E23D924A9602A6E29C6677A6E2B483D4', 'C62EDC56F8F8A70B16BC39876090248F50095B4AD3E850BCD253FCFC267C128D', 'Imisere@hotmailc.om', '2012-02-15 22:10:22', '87.194.101.122', '0', '0', '2012-02-15 22:11:03', '0', '2', '0', '0', '', '0', '0', '425024414', '0', '0');
INSERT INTO `account` VALUES ('91', 'N1c000', '909CB7DA6039CB3FDEC3F73B8717B6EB0BDC3FF9', 'F9665F22B7F56C21C29D7A6C4A6100664C5EF4A7C43A12C58DDFFF8289F8A5977B1973A63DD95F97', '4D6680463BBE01742A88F9F53AE82740557D057D697565BBC8CD24FEC6C8D181', 'EA165F772CB1AC98D7877212FDA4B08776AD718EA57A8E1582BC154C1C7D595D', 'Nappies@comcast.net', '2012-02-15 22:22:08', '108.39.201.118', '0', '0', '2012-02-19 21:16:04', '0', '2', '0', '0', '', '0', '0', '821972657', '0', '0');
INSERT INTO `account` VALUES ('92', 'Superclay', '56858275CBF24454C13EB77785B39B7F0A1EA582', '5EFA601FC4E849B64417AC02549EC00D9156DC94707C3C66E4DC2A572FD9BC981F75A59BADBC47AC', '60B1515CCAE16AA202975826E0D61DEEBCAC9DDAF3F58F988DE51528A75B94CB', 'A5CB26D077D1395817EC04D1072588017E4C9736A930F999069E8573C9E00E1B', 'Kklaymore2@hotmail.com', '2012-02-15 22:33:05', '173.59.189.5', '0', '0', '2012-02-25 04:50:21', '0', '2', '0', '0', '', '0', '0', '612963867', '0', '0');
INSERT INTO `account` VALUES ('93', 'Androonoise', '07AE451186B7FB0765F7EA1CE36CFE0BAE4530E8', null, '79F2A00BF66F70F7F952C0408EB689A501722B3E4F00C7EB91947EFA7ECBF3EB', 'B6EE2D78591D7E4EE7ED4EED25CFDDACAE2D4625641877032325368527EF7D97', 'Andrew.noyes.11@gmail.com', '2012-02-15 23:23:18', '127.0.0.1', '0', '0', '0000-00-00 00:00:00', '0', '2', '0', '0', '', '0', '0', '660839844', '0', '0');
INSERT INTO `account` VALUES ('94', 'Cbm', '24D38F837C1FA46D8933CA6CA0DEB5013F41ED40', '09B80DF5362AAEC532F89C51AF47CFAF1C50DB5BCAE19FD2A4586F90612E3E70930B5FDC12F079CE', '5334BE932315256B84225EA56D5C03E1B452D5BE10B574B916138EEB86B8DD6D', 'E714FECD69436ECDA0208B6ABA191C45EF4771222259FE27101ED1A1AB48EFA3', 'Cbm3333@gmail.com', '2012-02-16 01:42:27', '68.57.144.13', '0', '0', '2012-02-16 22:37:50', '0', '2', '0', '0', '', '0', '0', '100488281', '0', '0');
INSERT INTO `account` VALUES ('95', 'Redwiddow1', '42F07C798DF943FB8B611870AEBCD3F7E3391913', '2DD458468413EDD190086C9B924F8F181F73FD0935F26BC7ED2AC3DE357127FC4F0D1F5FB0FF4251', '2007E0CCA375BD29C6644A7986B464B847E778A64FB8062FE7EF47377469958D', 'BEB9F10BF52086355222F8C191455E2130DBCBEC29306F30FA9D479F8415F791', 'Redwiddow3@yahoo.com', '2012-02-16 02:14:11', '24.56.246.198', '0', '0', '2012-02-16 02:14:46', '0', '2', '0', '0', '', '0', '0', '473266602', '0', '0');
INSERT INTO `account` VALUES ('96', 'Shadowfang797', '9AA9C433ECC15982DD156611CC35E8D3C32F8D62', '773BE7016BB198C62131484BC74A6ED9D902CB68B565434D31BAC02587EBE0622C1BE36670594DE1', '4C28E285C46D98B866F12F3EA5A549AE66B317A55B727AA64AD46214CE6A53BD', 'C9A37A866F3451A03FBA3D84006137AA70F68927522E60E7E0F7DA5B73F7AB05', 'Avengingslaughter@gmail.com', '2012-02-16 02:40:18', '76.101.191.155', '0', '0', '2012-02-29 20:10:58', '0', '2', '0', '0', '', '0', '0', '499926758', '5', '0');
INSERT INTO `account` VALUES ('97', 'Carbono', 'B2B15BD21522E2874F44E916C3F894CB9A4C1B46', 'CE5C8BCBECF86EC78227DF2F82CE48941C8F81670F507D68F95FC2D577403AB86435D37AF093C8F3', '7DA49CE649F5098DC6DB994B8D6E22AE5BF846F5ABA12CEBB088E0DCD8631199', '99E4765CD2B0A63795F93D92162993F69F602325181031A3BAD719148ADD4497', 'Wellington_carbono@hotmail.com', '2012-02-16 05:18:05', '177.27.184.151', '0', '0', '2012-02-19 04:30:29', '0', '2', '0', '0', '', '0', '0', '501806641', '0', '0');
INSERT INTO `account` VALUES ('98', 'Buckweed', '50A3AE27BA7309F1AD251FE1FB52BE772D8427F4', 'C4D3A5F2D4BA64523E0370FDBB50DE75050659D991F95CD52B2FF04875666E59AAF6E0B3FF31DF21', '1906E58D4D249BFCE6DFA3B610680E81616A7CE4042C44E61DB13B536D9E0A8C', 'D251A854EA86C5ED6AC2710916EB19C42AFCF982E6481ED02EAD30D6EA93505D', 'Mikebryant326@yahoo.com', '2012-02-16 05:57:13', '76.119.117.232', '0', '0', '2012-02-19 02:50:49', '0', '2', '0', '0', '', '0', '0', '168359375', '0', '0');
INSERT INTO `account` VALUES ('99', 'Dunson', '9D1820F2B700D6D091C44170EAC8B14EFF049945', 'B08E6CE5C320F9464F32B18992496CCCE7865195F5EDF0A0863342CDC8D84E1A86FBFC8D8F400D56', '284B34FFB10E6FD2A57D8D0787F8373C617F382B61B5E6A8C0A245850721EB0F', '80606F2A48CD36F32BB7687CEF85A2D218B7D1E34355DA6DD7759819F7721A69', 'Jtdunson@yahoo.com', '2012-02-16 06:00:04', '24.160.169.13', '0', '0', '2012-02-17 05:54:20', '0', '2', '0', '0', '', '0', '0', '413403320', '0', '0');
INSERT INTO `account` VALUES ('100', 'Zaliox90', 'BC3B967F89859C8A7E8749865417C79E09A6CA5F', 'E3566F90430136ECECBE4BD3978B7B260191CFCF9D9055592DB54F9305E4D4562B7590C799234158', '4BBA914A294061BE3F5C93907404863D7436399ED1F63B9DB39A9FAD8E4AE279', 'EFB6A6B461175654DDF614A8A5CC77FCFE870F417C07637E10FEBA30C0A7D60D', 'Sakter.nikko@hotmail.com', '2012-02-16 11:06:26', '85.167.199.202', '0', '0', '2012-02-20 15:20:17', '0', '2', '0', '0', '', '0', '0', '489868164', '0', '0');
INSERT INTO `account` VALUES ('101', 'Xxeroo', '1B5E1FCEA796E2C667A730EEA8374D398E65617E', 'C590F68724818F7C4933C6139ED3F70A0250FF18493D7D5EFB2DAFE38DEC0B80729E35AAB11D5B33', '586E74C6D1C7632CDA79B29FB0139B888DD77D4F75CD9633DE8D4DCC2752DB9E', 'D16D864DDD590864A85AAA555B56FD8CC5EF76A849FBCC04F8FD6E55D639E643', 'Jaegermartin@seznam.cz', '2012-02-16 12:35:21', '90.180.53.35', '0', '0', '2012-02-16 12:37:04', '0', '2', '0', '0', '', '0', '0', '791137696', '5', '0');
INSERT INTO `account` VALUES ('106', 'Kkkkkk', '2E51FF36C5AFDD37E8939E23FD4F340D4CA07D3A', 'CD5D3DA2749BC41D7A7B535071C295F02886C1D5B1F63D93EE17E101BA0C6EA1440E331B10BEC38E', '2FB6D5375F1CCE8E8AFF3AEBED7FA7D53EBDA62503B1F5145456CCE41C765016', 'D20E0654294F31C9D238EACBCF809E543C0B766B3C97C99500F88901014269FB', 'Ddibblet@yahoo.com', '2012-02-16 21:50:37', '76.101.191.155', '0', '0', '2012-02-18 15:34:27', '0', '2', '0', '0', '', '0', '0', '124487304', '0', '0');
INSERT INTO `account` VALUES ('103', 'Petar121', '07596CC1649487A728D64B6A1767B171E7D7BB21', '66E2571D999C33965D89B97CFD5CE8E4309F4D7FDCFFCF4FA6BAAA064022323E4EAC71D8EC479060', '1A71C8F41176704C5BFE9D722FE003FA54977F5CF249BCE2776E3EF3589DF284', 'A9FD17933D6F1580FB054E2E6CD0A17093959A6BDEFD8D0BEF49A5B4E97D83FD', 'Petar221122@gmail.com', '2012-02-16 19:24:41', '78.0.71.103', '0', '0', '2012-02-16 19:25:10', '0', '2', '0', '0', '', '0', '0', '892846680', '0', '0');
INSERT INTO `account` VALUES ('104', 'Veggisburger', 'A51BA9D773470F5F29ADD9CAC47341CFB3F938FF', 'DAD14D4EB8F2C16BA0ED4E3A31ABE95FF63EDD60F18CD207C6575CEE402ABEA0BB4F33B3AA8B318B', '03968EEAA860EB7ADEA3F2E4CCA7FF523BAF90405C117871E420A5198EE483C3', 'C8620DA298B2135B22896E284ED2F5F90502D33504A1CBCE393F3A2308DA707B', 'Veggisburger@live.com', '2012-02-16 19:35:34', '79.160.219.24', '0', '0', '2012-02-23 13:35:03', '0', '2', '0', '0', '', '0', '0', '522387695', '0', '0');
INSERT INTO `account` VALUES ('105', 'Joxhe', 'BD63D4BE6AA4D77ED4F762E63F5DE3B6C1A38478', 'F6A389FF441F7C83371719767506A8457D639303DBB7BE4DB1CEC9D5B9442173D689C65DB297630D', '03C6588BCCD611E3F243E634A7B704E461DC28E9700965C9D9F134825066320F', 'A8F5CBB327E967CEA884666E17C44E53F818039E15AE5246F05D78F300F1102D', 'Jonnyroche_@Hotmail.com', '2012-02-16 19:38:08', '93.107.93.14', '0', '0', '2012-02-18 23:46:21', '0', '2', '0', '0', '', '0', '0', '435375976', '0', '0');
INSERT INTO `account` VALUES ('109', 'Lavos', '2880D449C868BBD4A399A5BEF7749E21F127C31D', '2BE671CD2D1B4D27E5C25F808F8458DE9C75D388E1B410DAB5DC5C5AB2A060865E937AC2E80DE300', '7963DEB3AC6CEE884BD1BC1F482EE51BC9B9E65D916F4F9B67E2DC6B2BFF51CE', 'F000573D2791869D2260A16AA6B0CDAC3A0ED72E18D0BEFA7607BC359E7576A3', 'Ablindkid@gmail.com', '2012-02-17 01:50:35', '98.168.210.12', '0', '0', '2012-02-26 02:45:55', '0', '2', '0', '0', '', '0', '0', '247363281', '0', '0');
INSERT INTO `account` VALUES ('107', 'Dotanowww', '9C47EDD9C0B4C92F39806F47159C690C1CE80BEF', 'A1CCAE183B199FD3B209EAC0BE5A52DCCC1BA393879EDF8D707EB0B4A24270475C5A18C92B59EB26', '32F0F59BA194F78C51610DC23D8721B5ABEFF240E8A0CF4F60513AAF2691A016', 'DFAD4B3BC1C800D43FFB90FCE449482D2A41CA7D0816FBD7462F7F9CE03DC771', 'Dotanowww@live.com', '2012-02-16 22:07:05', '74.236.31.229', '0', '0', '2012-02-19 18:15:59', '0', '2', '0', '0', '', '0', '0', '603271485', '11', '0');
INSERT INTO `account` VALUES ('108', 'Khoury', '5E1E4EB334C34499D9CA1FBE5505CECF0E34B670', '1209C50867AC006B3D3D7BBF29223C34A715A3188DCF66C303E895BBFF761B319F7EAB66EEB14266', '6D3CEB2D36C6CDE6A39A680E1FDB052F4EAC41331FB1F2228DF2340BEAE9B070', 'E3BF2FB5D1F992C5584BC57ACD58384C1AE3CC6ADEB4FC1B378A4A732561171D', 'Elandellaispro@hotmail.com', '2012-02-16 22:07:08', '92.62.122.175', '0', '0', '2012-02-16 22:07:56', '0', '2', '0', '0', '', '0', '0', '822265625', '0', '0');
INSERT INTO `account` VALUES ('110', 'Allys02', '9260F3B7559F77F4F78A2FF5EF2549BEE24316AF', '2F775A2AC76F2779732BD3D3C3B1C37F0A8E79E42855C4A1A63E775B70AB1E6F39D2DCDA9D65E56F', '450BBF5B559A5E90AD49E5084CE9272DD780936F8EC9EECBE55BE4B5CC5FFBB2', 'DC71EA5A5AF9D332171B407E3D07FB8C4A24987D1B6DC1D9FE47935C43BEA86F', 'Diogodidi_juara@hotmail.com', '2012-02-17 09:42:15', '200.179.201.219', '0', '0', '2012-02-17 09:43:17', '0', '2', '0', '0', '', '0', '0', '559667969', '0', '0');
INSERT INTO `account` VALUES ('112', 'Joche123', '630B3CF16499E1EAB52A98D80D79E2790A755606', 'E7523FEA0F7F2059203E81AF3C4622428617CDEFA0DD33AA72DAE796623F3B2163C62297D59C2CCB', '16F6FB19F545A8C08EECB58225DA36F6B024B478CD2FADE9591D7AA50FC69FA6', 'C0955FF42E90ED5A980221FB4EA2A689BD07E9F18132F6D2E81F076CE31C6BD1', 'Jonnyroche@hotmail.com', '2012-02-17 11:38:11', '109.77.47.230', '0', '0', '2012-02-17 11:38:22', '0', '2', '0', '0', '', '0', '0', '331982422', '0', '0');
INSERT INTO `account` VALUES ('111', 'Speedylol', '2209AAA0B8278B7AAF6B2CC48AC79C230C771539', null, null, null, 'Hunntzer@hotmail.com', '2012-02-17 10:21:39', '127.0.0.1', '0', '0', '0000-00-00 00:00:00', '0', '2', '0', '0', '', '0', '0', '126293945', '0', '0');
INSERT INTO `account` VALUES ('113', 'Mohannad', 'C9B9A68B69414CE009E5D45EE90ADF68FC034A97', '488EF9AC67232AC88347176D5E6B5E87D5EA663765439BF4065A680C52DC7DB7567C5C91FFD1F15D', '45980BFCE7038A94C311B4FC408E7B1400CFFBAEC7BBD48E94739E39CBD0FCFE', 'EE0E50562A7A580D27163AE9AD85BD53E732C491A5EAC8201D2179A19E3A9779', 'Freeastross@gmail.com', '2012-02-18 12:24:41', '212.35.83.82', '0', '0', '2012-02-18 13:01:30', '0', '2', '0', '0', '', '0', '0', '184277343', '0', '0');
INSERT INTO `account` VALUES ('115', 'Pwmaster1234', 'A1F3B5C64817BB419E693D08820A59D5948A70FA', '2397A405E54B5395DD4ED0D17557730F32A24E74F6AFC5A8FC8DEACD29E7A4D66E41DD5CF09036FC', '24F71547D6A19B2EE87A8B482CFC78F3B8BE2638B521F7A55C526BB8E2812105', 'A45EC3F810695709BDC729E364134F11B46F7BF6310D040DF637ABECA05DEEA9', 'P.w.master@hotmail.com', '2012-02-18 13:33:33', '31.222.107.191', '0', '0', '2012-02-29 13:06:00', '0', '2', '0', '0', '', '0', '0', '303100586', '0', '0');
INSERT INTO `account` VALUES ('114', 'Denbur', '2DC62C09262269691B245F7A3635EBE85EF4D0CB', '4E5153DB60D2AF949B8D73A095B1D4453878C892F057B17B5AC47711896BB58E7F0F6D7D1C1147A9', '2BAD6564597F44498645BFC8DBCD6ED08C5C99C9EF03E32BEE81033954276A04', 'B9A2E2330F259C6F35411AE6446D239F4A1EE638FDCE68D2C9E6CBED461C86B5', 'Denbur@hackermail.com', '2012-02-18 12:34:28', '96.38.86.84', '0', '0', '2012-02-18 17:27:27', '0', '2', '0', '0', '', '0', '0', '656054688', '0', '0');
INSERT INTO `account` VALUES ('117', 'Riuka', 'D6ACE91ABF4181BF1652966952EF09F5A10F1136', '3D5A445148142884E03F8F9BA888BBF3F286A091E0C2C58EBF4B13AA49C9421D33F900FF39735B2E', '7B331DAED4E02C3D21933290D714F5503E094558753B943D2570327C7E752C1D', 'FDB7DEB5D7CFDBDB2A9DBC514D71BA5042D70B18716041AF84E1549CD53E56A9', 'Eduardo.crdr@gmail.com', '2012-02-18 16:35:17', '189.124.209.167', '0', '0', '2012-02-18 16:36:37', '0', '2', '0', '0', '', '0', '0', '744482422', '0', '0');
INSERT INTO `account` VALUES ('116', 'Huffdady', '02BD31BA65DA479337EC34838809717BC772239B', 'B98FCE3709F1514C6767BBF366B9B0EB16F8921F4FB6E98B6C46B4DDEB5C808F2F4C153C7D729C5C', '730B75C43CE40E24E79D4B51F30E096B92873841CDCD346C3CFF700D50FFF5AC', '83AFB9EF66AD01A0772DA45182C88E45B33F1A7C56CD30FFBA5B27187E7C9D4B', 'Davehuffstetler@gmail.com', '2012-02-18 14:09:07', '174.109.62.116', '0', '0', '2012-03-05 00:23:24', '0', '2', '0', '0', '', '0', '0', '539721680', '0', '0');
INSERT INTO `account` VALUES ('119', 'Mrzmick', 'DC178ABBDD0E08AFF0D1E8DC2BC1FE98530C425C', '2758F3356E465433BD0645157DA217787B6CB6921843DE0E4D554EF3F4D4994DA7B9152A56A46A25', '5CB1104E18162AC33B65D861F3CDBF8FEEFBE982344CF2A28E5D12799182BE9A', 'B7AA2B13EFDE5F48C0A8B8C3E963E1B8B025C42FFB312D2DD7C2296205964355', 'Torell95secto@yahoo.com', '2012-02-18 20:00:27', '24.116.23.18', '0', '0', '2012-03-04 17:01:37', '0', '2', '0', '0', '', '0', '0', '587011719', '15', '0');
INSERT INTO `account` VALUES ('118', 'Sam9652', 'B59F8E25A0A94E266238DABC03DD0367342898A8', 'A069A8A389793946DA2CFA5D85B8C94BB39949D30DAB952C43772BA26E497AA1C43179C4B715E203', '19BC5C1781A0D1BE51A882E86B507F3DEAE265F0E62B269AB4AD271C8ECC633B', 'EE68F96845F7CB6029C69390ECAC97D37FB3DBCD893B82854CD013C525C047ED', 'Lax404@hotmail.com', '2012-02-18 17:32:49', '70.73.73.58', '0', '0', '2012-02-18 17:33:20', '0', '2', '0', '0', '', '0', '0', '215649414', '0', '0');
INSERT INTO `account` VALUES ('120', 'Hyroz', 'E77397BDA0FDDCEA6709A6FF496957E8C31F4FB1', '7448A9B62D4FB884D7CEADC3BFFD6C36A74291C5D76FFBCEB5556217DD9247A73EF9E08982BFC623', '268370AA04F8C405935FFA9EB27699048E2873059E1FBCADA34DE85E2AF9A130', 'B0D1401BC3FD0CC4577FA84AC3796C5824DC1F179A6889DE48DF53A91A587EB5', 'Fallen_Hyroz@yahoo.com', '2012-02-18 20:00:37', '184.96.183.109', '0', '0', '2012-02-18 20:02:07', '0', '2', '0', '0', '', '0', '0', '198315429', '0', '0');
INSERT INTO `account` VALUES ('121', 'Jadethread', '8478987EED6D399D8EA350F649ED407288C65E39', 'A431F2FB503EE1B5FF9DA6366FCC9717581A42A9E2E4E466C5A58F558C83432F7DA97C3BB57EED92', '2C72395EFD018AEDD10D4853CC9388B9DE7AF7AEF6F195C6225F35D0E1BEEBF5', '90B921F3C36D26BD3AC63EAE08CE88F6546A7FD3CA22EAF31D8F87F766CDDC5F', 'Jsh.brumfield@gmail.com', '2012-02-18 22:07:05', '74.244.114.199', '0', '0', '2012-02-18 22:09:36', '0', '2', '0', '0', '', '0', '0', '359545898', '0', '0');
INSERT INTO `account` VALUES ('122', 'Djowel', '786CE0CBDAAC8BAF16AA3808C6D01A221C8FF41A', '641F3F59F9EE69DC5DEFE61139F3C7F82A68F8BCA045C890DC82D4516D03B5184A1246ACC1CDADF7', '1F6F974EF62BB53C07971D9F311FB1A80E9E53099EEA28D16BF1BDEF27820789', 'B631CEC2E9FFBD64311C1832906BE387DFD411069C138C16505991F06D4E5E89', 'Djowel@hotmail.com', '2012-02-18 22:51:40', '80.246.148.84', '0', '0', '2012-02-19 11:39:38', '0', '2', '0', '0', '', '0', '0', '496508789', '0', '0');
INSERT INTO `account` VALUES ('123', 'Chrispy12', 'B11B11A2FB5D0804572AED9BAC7AB507B98FCFE7', '1B63B798C72567B753FF45702090A60B154D7AE271703E28324F6E2A5459D4D728CA6A166B651F90', '16310A3139CAAE9C1E738A267F2E116157F3704E26015379071B9076C7FFA410', 'A68FE978B93EA6FF3B40E6E5D8169E3D136A11B070A3F297C8CD2BFC9601228B', 'Andwra@abv.bg', '2012-02-19 10:44:16', '87.252.163.135', '0', '0', '2012-02-19 11:03:02', '0', '2', '0', '0', '', '0', '0', '360351562', '0', '0');
INSERT INTO `account` VALUES ('124', 'Chovecheto', '206241C758B25189909E9223DDD10D1EB82FDC9F', '507610D2D3716BE9EBE1DB216D1B0063542CDD36451E7C2539DE52E18F986C1BD1EA6E1BFD09385E', '156C036D05FCACF922E1D84769D9673CBEACC7DA22446DA8DB42FC1F6E8EC875', 'DBFB2A081A5C783522B47BD20741BDDC5D5771328A3E441780BB08AED0A07E45', 'Chovecheto@abv.bg', '2012-02-19 13:08:03', '80.95.16.212', '0', '0', '2012-02-19 13:08:19', '0', '2', '0', '0', '', '0', '0', '455908203', '0', '0');
INSERT INTO `account` VALUES ('125', 'Jonhar94', '437FD6FDFD063303CC5E914377C4B507B8F839EE', '6BDFB7C2420C148FD8FB2B95AEFDCFF5FC47CA2291460E946A2A68FE671B8A5475A90F7394AF1DEA', '7781FE2EF2FD9EDF343BCFE32692C556124497E5328033E49868AE10BE46AB3B', '8763DA00EA7B967FD0D15AB57A98C8B4945121CF8306E41BDF4718AB40A9430D', 'Jonas.har@live.com', '2012-02-19 15:00:50', '79.161.121.112', '0', '0', '2012-02-26 16:45:11', '0', '2', '0', '0', '', '0', '0', '835668946', '20', '0');
INSERT INTO `account` VALUES ('126', 'Wooo', '187982BEAE948C218433A96972963C756E83CCE8', '0603DC803F36DAA0705E12F91B2AD4F2743170B6653B445E50BC885FEE149812F9602C15C4FBB545', '681760FFFEC6FD04E8AFE7B8A73DB86096B82680225A7403CBFC4F8E9A0A4774', '92EF522DEF18EDAB72104249D2C03FA4ED6E07D8B228F62C8489DD2B0D547A73', 'Ma@hotmail.com', '2012-02-19 15:05:50', '189.25.2.216', '0', '0', '2012-02-19 15:07:15', '0', '2', '0', '0', '', '0', '0', '608740235', '4', '0');
INSERT INTO `account` VALUES ('127', 'Voorlater', '7D1BCD9B9E8E2ECEA3CBB4FF149C6B2289347C7D', '4725D72592ED259D8E30432F79EFA0DAC8355B6575ED3EA44AB33F8BC6A1665ADA17A373E4889FC5', '53C6ED1AFD5CFC5505F7BFC76E6D8668A59C699E2AFAE385690BE70FC98AD1F6', '885DA0E8D42A8898FBCBEBA7E3D1E8DF2E4362741FDDD27DAA39914AEF08DF25', 'Rob.huisman@live.nl', '2012-02-19 18:11:07', '84.24.10.229', '0', '0', '2012-02-19 18:11:40', '0', '2', '0', '0', '', '0', '0', '544531250', '0', '0');
INSERT INTO `account` VALUES ('128', 'Stolmormor', 'B50DE3E0A803D3E98C762C8F038A65C348E285FE', '8DC8B0D11A533E65B1716336C9DCE9923AFD3D1ABBB3C517B168533354CBA0BB114AB3B8E15EBB16', '6C1A8536DBEF5D187502CEEE9930F5894F7B4EF465706B7C0C7E8F8A6564E730', '8C9A74542151B73B0D4BDDBEAA239BC3C7F9AD3C6D61D0BB654C347AF5A5C1C3', 'Kevincool67@LIVE.COM', '2012-02-19 19:16:21', '217.209.178.189', '0', '0', '2012-02-25 22:41:42', '0', '2', '0', '0', '', '0', '0', '112109375', '0', '0');
INSERT INTO `account` VALUES ('129', 'Leonardinhoc', 'CA91F0F44B2E7094B1F2F578AE0803C8321FF617', 'B2D7C5BA2359B181ACC83B3D9BCF45BA24484BD9A83C502A350F95C4FDDF3434E05598F2253751B2', '6B61E5B738503E14B251869CD381C18343161B9F1AFB2313354F8C1F07D8A264', '961648C941DDC7C4A0F807B4B9383EF6670967C2BB3E4EAD12A504ED54FC4E63', 'Leonardo.batista.velez@gmail.com', '2012-02-19 20:36:53', '174.113.202.251', '0', '0', '2012-02-19 20:38:00', '0', '2', '0', '0', '', '0', '0', '753271485', '0', '0');
INSERT INTO `account` VALUES ('130', 'Tuong', '4DA5C17295C8B784AA0A6EB27D1BE9E1AC6B2E6F', '080B7B818D3DDDEA2C753F8938B87BBF60E51F5561AC7BD4CCC7942CDD4626EE9A6622D78A66CF5C', '5DA98B13406A76EAC91613EBEECCF9C95384C489B28B9DEB8B40A9DFC514C74F', 'BD38DEF75270DCA5BEBFBBD01BC9F0C227AB85D12AEC77E5566B6D628129C8C5', 'Christhedude1@hotmail.no', '2012-02-19 21:02:00', '88.90.157.213', '0', '0', '2012-02-19 21:02:34', '0', '2', '0', '0', '', '0', '0', '346142578', '0', '0');
INSERT INTO `account` VALUES ('131', 'Donovan88', '9DF4A7F323C8FCAD28C264156F6F2BF645B1752D', '8F8716C9434282F677AB988031E1D65E4FB6C50ED39FF462FC314A8425B65C7E3FF4F518D82330D1', '1736E3802C16E55469D08845BC8AC66744C2A7F63D82BF3218761F47B85D41DE', 'D85D797B7CFD7786C14058ADEC554C8A8B637E71352E94B0D3FD125FB1D5E977', 'Randy.light@att.net', '2012-02-19 21:02:16', '75.28.56.25', '0', '0', '2012-02-19 21:04:44', '0', '2', '0', '0', '', '0', '0', '647998047', '0', '0');
INSERT INTO `account` VALUES ('132', 'Kupo125', '1043AFB174A376BA25790AC0C905452CBC917D3A', '32EA6BB7C92B04F24E2EB8F032DA846DD466DE3CD02026669AC8B9503339D746BF8DA7FA25C73EDF', '4FE9CD1248B995DCFBA411A2DA8E80A126913FF6C3FEDE3FABCDD3A5F6C3A02C', '9632D52B1BA5B644EF9046948BA2C0A11CE74C6A476CCF5A296B7C833827DC69', 'Qpwo125@gmail.com', '2012-02-19 23:50:41', '71.203.223.38', '0', '0', '2012-02-19 23:56:03', '0', '2', '0', '0', '', '0', '0', '206762695', '5', '0');
INSERT INTO `account` VALUES ('133', 'Earlbow278', 'BECA8FD6DD960FFA43D894054756F72F70BA97B6', 'D244F2153D57951273ED87430A4B49D8776414732D1254B50E3FD57AC3F66C0DFCA8EE2EDC599ACA', '59C2B8B269CCBEBC79433B5ACB19E803906D5B83435877C1D907E1C3782EBCC0', 'E34341DC216374ACCC1AEAC74A0B25E4513F7B2DBE98500A3527BCDE0EF83713', 'Jespinoza.noli@gmail.com', '2012-02-20 14:23:19', '190.237.123.117', '0', '0', '2012-02-20 14:25:21', '0', '2', '0', '6', '', '0', '0', '816723633', '0', '0');
INSERT INTO `account` VALUES ('138', 'Alex15963', '731F9FA3886107D4F3B9F3BEDC0F041B564613C5', '87552CAE22EEE4D785119CAD5778A6E11213C69149A6D18B5503E87A71133072AC4E6D2871BA0DC4', '502F87AEC5622E90978529E08CB261E9CFB12DC5D59B3559B38617FEB56B7846', 'A2F033E4E9FC446F2B12F540BE0C96E0529E5A6579D08EAB1931405AC4DEEA35', 'Austinmlowe@gmail.com', '2012-02-21 00:04:52', '68.202.154.197', '0', '0', '2012-02-21 00:07:46', '0', '2', '0', '0', '', '0', '0', '271069336', '5', '0');
INSERT INTO `account` VALUES ('134', 'Svilko', 'A5C3F933F77F15803DACFD219F954B5CDB3D1A07', '6AFA597A33542F77052F2017D9CD2C1F64CB069997122315DC8C7DF6FB8C1EFDE05D013B172B5E04', '436F03C9B152FCE926DC15D14873E578B699487C475BA9E8CEA5C705AD9A5FA9', 'D221D8D732969F3FAFEFE99D70914E94BE26CABADEF4ED59F4F8A9763D2C1933', 'Svto22@abv.bg', '2012-02-20 14:45:33', '77.78.10.199', '0', '0', '2012-02-20 14:46:28', '0', '2', '0', '0', '', '0', '0', '242065429', '0', '0');
INSERT INTO `account` VALUES ('135', 'Alckozz', 'BE674B511394F63F407458F4CF6F686488D6D8E1', '679FD5452C726F6CA8D0F4086EF3CA719201BC79606E3D541084B333D11ED318A943114741916935', '6F323C5F83F79B2366649800C2183F358B8988E79B36E7AAC9E536EFB7D77883', '8735B14C7FDD51107EEDC52D8FB220436FDFFCC150C97C08BF129B222A54AC79', 'Parre95@hotmail.com', '2012-02-20 15:20:04', '85.24.172.40', '0', '0', '2012-03-04 16:33:16', '0', '2', '0', '0', '', '0', '0', '278857422', '0', '0');
INSERT INTO `account` VALUES ('137', 'Zachew98', '20A665977A36B330BB6C3F65C818545CD7D18871', '2386A69438F8E3130F8BF5BB74814CA320FA1A5A2A62ECE1466B9AB941957BC48C5BDDD74DFFAFBA', '5F15F8AD5713060B206D4C9F66ABDF47BA7CA9D649D7E0DE37C517F6960706BC', 'F53CB084393EC4E4BC79E9315B45F173B2D27B9E4B633DB251D38E74D6F640C9', 'Zwayne1998@gmail.com', '2012-02-20 21:37:07', '75.175.44.132', '0', '0', '2012-03-03 20:35:40', '0', '2', '0', '0', '', '0', '0', '534448242', '0', '0');
INSERT INTO `account` VALUES ('136', 'Lorenzo', '8D5F24E3A4DBFB887AD2C0B4ACFA294D5DAF2C3C', '3A2C1FBA9C6FEC127BBB1C5A1D79622D92298E2DBAC733B35FB4E9ECEFB1C595E4B3B2959D4680C0', '81E44D221A22779D7AFBBB19905A493572277A71906D3E33E74524C053AAEA67', 'BA58EF5B8747C6B2602E00C5BDDF9A3323816508952353B3E1CA3C46A914BC93', 'Lorenzo_flux95@hotmail.com', '2012-02-20 17:00:07', '80.57.49.141', '0', '0', '2012-02-20 17:00:53', '0', '2', '0', '0', '', '0', '0', '674487305', '0', '0');
INSERT INTO `account` VALUES ('139', 'Car5671', 'C052D3FC6FF2F48C0DC2A06D7288905E1A4C1E0C', '0FFE506FD3322CD3E4CCD0740423F1FB873EDC2AC6350F9811B3DF49473754C04ACE1CECC0861A05', '777C48CD0423B677FB2516C65E811B5AC55CD74FC5DFB5B0107FC263C480AFD1', 'AD58EF5FC945269D3FD1F8F92B118BFB9429FE35861A45ADE0AB8BCFEC945F35', 'Deafcyclone@hotmail.com', '2012-02-21 02:14:54', '75.132.233.251', '0', '0', '2012-03-04 01:15:36', '0', '2', '0', '0', '', '0', '0', '743945313', '0', '0');
INSERT INTO `account` VALUES ('140', 'Bullet101', 'BF7B63028DAC207BF06DE58B7B78B0B33B2DB339', '074CBB2231DE0E9DFA2EBDED5F579BA0AD0C7DF458B0CC562A0AA8B903045F46F568227CDEEEF350', '3FB00F279C8FA51E850D25071411AB5F41B73DF7C7AC55AB55790E67C6C2F866', 'D270974429B84BF953C31DB1A85F6EE0E9735758F6462953F2BBCCA159326C45', 'Illigcharlie@hotmail.com', '2012-02-21 02:32:48', '75.132.233.251', '0', '0', '2012-02-21 02:33:10', '0', '2', '0', '0', '', '0', '0', '612939453', '0', '0');
INSERT INTO `account` VALUES ('141', 'Andersoski', 'D95B9C4CFA08BD029CFCB5290CBCAD86B2119A1A', '927CE3A3848946D6CDC3C7BC639E4C837BF0706A4CF08E5E356B5F258D9D48D19F2CB56E073E1EA7', '12CCB9620CDF269E4C0B3697C6877355496D75954CBEAB368EDF8376716F246F', 'A9FD6632976918439E65E125EA0D32DB14820D9F27017E70A61258B92B4DD45D', 'Andersoski@yahoo.com', '2012-02-21 02:33:29', '71.235.13.216', '0', '0', '2012-03-04 02:24:12', '0', '2', '0', '0', '', '0', '0', '189965820', '0', '0');
INSERT INTO `account` VALUES ('142', 'Powerrr', '82747F0DC0A27C2E4F71077B397D550D0FEBFB82', '05D3AD6B7175F2362ADB96D7C4B0118C9762FE1D6749B8CF0B463D65FE833F37C89F4A5BDF0799F6', '81B5E9D16C1EA393DEC65179FDDC0D831D4D9BEEC57BE00B07AC245E8F8FA710', '8D6F5F028394C3EE016922D8E55D7AE7473DDD1A7411C22690003DCC5EB1CF43', 'Killmasterbg@yahoo.com', '2012-02-21 13:48:16', '130.185.205.25', '0', '0', '2012-02-21 13:48:44', '0', '2', '0', '0', '', '0', '0', '346850586', '0', '0');
INSERT INTO `account` VALUES ('145', 'Budden', '5E111FA531AC6608B4496FA13D8A0EE1ED9336F2', 'EC39F6FD7FA7305ECDD50ABF5BF499AF04BF63E82036FB00D83494B58C5EBD39D6BC01C97EE7170F', '068C5B2F209FE349FB93FE5BD3A9D4F82A3905A8143F97737D984A7499B6A252', 'C8F199E8E05676C1F273DB8D3621FA4CEE3B2496C6E56F1F392E08DD99CD64FF', 'Hurthig.boden@hotmail.com', '2012-02-21 22:05:04', '78.70.249.81', '0', '0', '2012-03-02 23:46:35', '0', '2', '0', '0', '', '0', '0', '676513672', '0', '0');
INSERT INTO `account` VALUES ('143', 'Disease', '1567E5AC82F1713CF7CC4E4B125C9C49080D73AD', 'C190131DDD1538D50FA2AEC75AD279CA5B1096E03C1FF55FF08EA88F22B0ED0144B229ECAEE8E54D', '1F11A82C2F0AAB0AC4D37F3562FF340062769F789A1A32BDACDEDF21834F56A6', 'D215F1A7E2AC1711C30FD2C5C2690770A2266E23259F14BA04B4C8D11200A667', 'Keithlekgolo@gmail.com', '2012-02-21 18:57:07', '173.191.170.113', '0', '0', '2012-02-22 12:08:00', '0', '2', '0', '0', '', '0', '0', '502197266', '0', '0');
INSERT INTO `account` VALUES ('144', 'Tluky', 'CA50847519CCD7FC6829FCACD97FBC56FEEAE71E', '26A79F1EBE3ED4939368EF6C350BB77B8B07AE80FB6CB8219DF61D8ECF6BFB29544E5A7AE55CCA04', '6EB77EC9BBE35A1A78C06E029963510AA0EFDF49A17D0E7612ECDD4158F2E623', 'E60E719D6B6A4AAD09D04E32A9157622191371DE7DC1CED589A22720215AFEE3', 'Vymperk@email.cz', '2012-02-21 20:22:15', '89.102.62.168', '0', '0', '2012-02-21 20:23:08', '0', '2', '0', '0', '', '0', '0', '598852539', '0', '0');
INSERT INTO `account` VALUES ('146', 'Rihard101', '64940B06E446E3ED5B5D7DBFACF7AE2DF754D26D', 'B2E73718525B7E0318D78E94C839819E453DA092DD91A8D71020830D12398B284F377DACB4ADE06E', '3ABB953F9793C5844483E6888FF2FF9E96AC0821E87A591EE9ADE40683D2CC0F', 'F162CBB32F083DE639FACE7EA704AA421E59D4E2F918FC2C9C6271451A54340B', 'Charger1234@mail.ru', '2012-02-21 22:45:31', '85.197.229.233', '0', '0', '2012-02-21 22:46:13', '0', '2', '0', '0', '', '0', '0', '431787109', '0', '0');
INSERT INTO `account` VALUES ('147', 'Isaiaslol', '3BCC1FF05C5B2F69D98534A4923D894C43943839', '526C987C5F63E0E6CA72C46E836B6A53A9BEFDA9E5DA0A2D58F19A239528273BFD9482447C46E7E0', '24F839CCEAFB6560B04A39BCD1AF9130CDE61549F99A6606CBE7B071B4ED76E1', 'C6E1F540C8F211032596C43AD598BF43CA569B9068BE8FC9E50853A420D67DB3', 'Isaiclol@live.com', '2012-02-22 00:39:37', '201.89.190.63', '0', '0', '2012-02-22 00:40:38', '0', '2', '0', '0', '', '0', '0', '760693360', '0', '0');
INSERT INTO `account` VALUES ('148', 'Austin002', '39F74366085A5BD11D2AB2AB8DF1ACA6F9827280', '3CFD99D1A675C36E0CC9EBDB4FFA7DAABF99BD76EF7FF4E0BB030DE2978CC7EE7D644C513E9F3A4E', '65B86C8A4D306EBE1EA6E1B25DF0E882245F4EEE2EBA34322EEFD2C8D56DA381', 'A21BA4BB58A9DB0F2F566E218EBD081692EFA652FC54CC352E927ABF22E9D68D', 'Austinpearson@hotmail.com', '2012-02-22 00:40:30', '108.162.87.184', '0', '0', '2012-02-22 00:41:03', '0', '2', '0', '0', '', '0', '0', '312695312', '0', '0');
INSERT INTO `account` VALUES ('149', 'Fritz', 'EEC8F85B50C6BA252BA433989C887F1786CEDA13', '0FE018A9B74D72250D1E0865C52323856C24A7D160659115E2439650EF3619D3DA486A107D2BA4CC', '6E4BDE24D322841EC89C0302FD889A28F0975AD9814D669DC0F96945820B488D', '8E4EB589852DDD611684A75FAD9803132B882A99CE596CC6373865A585CFC16F', 'Johnhellojohnhello@gmail.com', '2012-02-22 05:39:42', '76.126.239.103', '0', '0', '2012-03-02 03:23:08', '0', '2', '0', '0', '', '0', '0', '480615234', '0', '0');
INSERT INTO `account` VALUES ('150', 'Bulgarul', '1A9CBF9E5ECAD3C4DD789F0CF34B7F0F991A8641', 'B6EA80CE26700845A6870AEE4DAC2956F20EECBC306618C45321AB226309927EC8066A741EF96B4E', '87E06A46B82D9682FF3992A643FECEE212024B29FFCE6ED843491F10C7D450B1', 'B5127A794FFA6EA1B1689A08B74911E03FFBA4CB59C6D7592091E1AE1D192D47', 'Andreybazatu17@yahoo.com', '2012-02-22 12:57:20', '78.97.218.10', '0', '0', '2012-02-23 20:13:04', '0', '2', '0', '0', '', '0', '0', '360620117', '0', '0');
INSERT INTO `account` VALUES ('151', 'Boode', '156AEB1BC211BB46D2356048CDF7F6713F1B7D45', '708C386ED4FBCD98E03CC643C694EA89A773D259703CB3A9E8FB8B0821D520882EB2C67647FF179E', '6D0B8BDD7283BAC129D1F8F28B12138F01AFB15E8EB69278FFAEDCF03B51A346', 'B3FD3B538464C3E3E6AB1D4CE6B23D837D9E445D22AA17699804E4EB092FEF39', 'Bood3e@gmail.com', '2012-02-22 14:03:55', '85.131.65.110', '0', '0', '2012-02-22 14:05:00', '0', '2', '0', '0', '', '0', '0', '339208984', '0', '0');
INSERT INTO `account` VALUES ('152', 'Jelmer123', '6299D6655A73FC59B74D9AAB08C77A074E9F66B6', '4AE4BE1C66C2AAF295E4AC1A38A5B3F8F824DEB506FDC1F18C601AA30A38BFAAD8E6044A5F0F9FF7', '3C04025B6012976CE76A92DC1DD3DCB9D9BBFD1D80EEB4649C04797FC642E710', 'CB0B02517FDB44E503448B8C1D90D17DB78ABA7C3FF998F0B22D9AE45013BFA1', 'Jelmer_valster@hotmail.com', '2012-02-22 14:22:02', '84.53.117.225', '0', '0', '2012-02-26 22:49:58', '0', '2', '0', '0', '', '0', '0', '656372071', '5', '0');
INSERT INTO `account` VALUES ('155', 'Duffduff', '41ABF1C98BCCEAA9D1879696C6AB6B2095F7B926', '34F96742DC8DBB3CA77003246678FA056E2C7F598CD94AEB632DB54F38C78846606C45F20AFEC998', '46530AFF006C504CFD01B828AE5E41D708CB112985657812918EA2C852B96956', 'BEFF312B5F61717AB964C1CF367958F1FFEDB0D651023F90125CA291EFC794E5', 'Nicolas-defrain@live.fr', '2012-02-23 07:40:49', '87.101.176.194', '0', '0', '2012-02-25 06:14:23', '0', '2', '0', '2', '', '0', '0', '404663086', '0', '0');
INSERT INTO `account` VALUES ('153', 'Darionbs', '0E627FE796203BC682F331D736B094364998A5E6', '2EDDF687C207A5E3813A2F8B93B78C8044A3B19B325C380CECD0C3339B5B7E00B223E262C9005C14', '485994115F435D085E2AAE4C6B62ED8299924C7B8D873F629EE6D2D64E6F9571', 'CF704DB335DAB0EA92D3C3A913052DA078851D4084C1790986A8A4DE0F8D8955', 'Darionbs@hotmail.com', '2012-02-22 19:26:14', '67.183.34.115', '0', '0', '2012-02-22 19:26:59', '0', '2', '0', '0', '', '0', '0', '134912109', '0', '0');
INSERT INTO `account` VALUES ('154', 'Jef', '7119454F65039FD9ABC2932E1E60CBBECEE0F43C', 'FECFBAA53119834AEB3E98396D28A0514D9B262A25402C152DFCEDECF88A1D57DD7EF79887E1C5A8', '0245CAD7D2D48080471EC53E907A5D5845425FFFEDCBB366159F110C8BEE02C9', 'FBAEA364D2094BC60B7B92CDD7C41E0AF9537ECBBC7289DAE2EF639F911751C5', 'Jeffrey_zwitser@hotmail.com', '2012-02-22 20:06:56', '87.210.155.98', '0', '0', '2012-02-23 19:04:35', '0', '2', '0', '0', '', '0', '0', '133984375', '5', '0');
INSERT INTO `account` VALUES ('156', 'Trapchristian', 'F5A906235362435A35A72F63BED827F2202B72ED', '9AE1292B329589BA5E627FB128CE1BEE65EACAF32E0180B8CA66C11514C55C0C53791CF9217058D8', '0FA8FC313683DC5D3132B4480CEFCC7412498B16653F3C39363B4B74BBE99C7A', 'A563EEDF1085F83D725CDB45EC9C925BC3D4B255F9DEB5DFA89C275D9D228DD9', 'Anitagjellan@hotmail.com', '2012-02-23 13:15:34', '83.95.116.183', '0', '0', '2012-02-23 13:16:23', '0', '2', '0', '0', '', '0', '0', '619165039', '0', '0');
INSERT INTO `account` VALUES ('157', 'Ali23', '231E09DDB5EE30AC12021298668996DB525570FA', '27771425E6ED05F6C8CF66889CC72D7CCE6E53348510E51895D4648DC2122DB992B9012FD8FE88EF', '3A6637B26CB93606F8DD3DE1A0860B46BE512D6511257719B620CEE9AAF8CF8D', 'F08FA3DE7FAE65F724CE7A16B3DE67DEE436F2C136EB61FC92904705FE58697D', 'Amirhosein_shz123@yahoo.com', '2012-02-23 15:44:54', '91.99.240.28', '0', '0', '2012-02-23 15:50:50', '0', '2', '0', '0', '', '0', '0', '585791016', '0', '0');
INSERT INTO `account` VALUES ('158', 'Reeekaan', '49570704E01AEEF8545CA3523DB7D0BDC9991EEA', 'F4F2B1357A134F7B1B539F5BAC6E0CFE65C6A03A5E3599D001F8A14EB1539BB8155738BA022D0662', '4BEEADF214548C492E0739D7C214BA6CC62C125F4BA2442D1059D8815A2DF6E6', 'D0D0EFABF6E04B1570138E8F484CACBEF4AD0ACB2BE3B79BB9A82EA91F2348EF', 'Adam.cederlund@hotmail.com', '2012-02-23 17:35:11', '83.233.19.160', '0', '0', '2012-02-23 17:36:57', '0', '2', '0', '0', '', '0', '0', '237426757', '0', '0');
INSERT INTO `account` VALUES ('159', 'Nikoelgato', '635C69A76DFDBA6CCB004058CD40AA334E312CB0', '651A9B958223EEBEC508A1837A6031A571353E27887EBD1611D04FDF3BB8C338402150D44B15E612', '7185DA6D2E1224E74FBB195039C39687365FDDB1B728F44B2C3E0D24A55A056C', 'A5483176A49501F39BDF53C749DD92A8BBA88DC211AE80FCCC5EDC1007D8D531', 'Nikoelgat0@live.com.ar', '2012-02-23 20:20:03', '190.49.220.237', '0', '0', '2012-02-23 20:21:13', '0', '2', '0', '6', '', '0', '0', '343920898', '0', '0');
INSERT INTO `account` VALUES ('160', 'Thezazman', 'F4FD2D5B5021764E6F7BBECF0C5C2C4CB2ED04F2', 'F0FE16BBF7519E9E3075F7F257E6E8B0B38B8BA5759804561A260DC12162817C0DE948430AA21A01', '319247E3BEAA187AB58590B5E41C83EE78862E7D95F92C66858FD66C1595B94C', 'FAAB72683F250FB4F8045D3CC03A95132D67B5FAD0982439982F46ACB59C8C9F', 'Baumgardnerp@gmail.com', '2012-02-23 23:57:59', '67.5.88.8', '0', '0', '2012-02-24 19:27:51', '0', '2', '0', '0', '', '0', '0', '395581055', '0', '0');
INSERT INTO `account` VALUES ('161', 'Matews', 'B46C7722BCD54AA65E5F91BCEAAF42DC82EA84A7', 'AA2A1ED12FCDBE37506F2CAB6A87B76C66281C438646B4532DA9CA58BC70450B542D091A88311244', '65FA69B8EEFFB9470D79369924D43C86EC71B459D150368A0FB5A82373B36340', '9C322026476A5F05B709CDD641D509E493E5A50A8CC2C8150CBB2D1142043EA9', 'Moravecmatej.ep@seznam.cz', '2012-02-24 09:55:35', '90.182.37.144', '0', '0', '2012-02-24 09:57:21', '0', '2', '0', '0', '', '0', '0', '879663086', '0', '0');
INSERT INTO `account` VALUES ('162', 'Axellax', 'F1C2D0EA21B510167ED98DD94F06B8955243BB9E', '2C9C958F966551F728198FE9BAF2AB110FDFFC6A83F7863FDDAC7919A2AECD60B81CBBB6231D16F2', '5F48BBE3DFC58669D66F816BE8B1081C428BDA81E2A3719AC716187A26D9F773', 'ADDFF6E989D1458EA4EA95D403327A0924C259D4B5D163A00F50951F1FF843BD', 'Axellax95@hotmail.com', '2012-02-24 11:37:13', '81.233.213.153', '0', '0', '2012-02-24 11:38:31', '0', '2', '0', '0', '', '0', '0', '666503906', '0', '0');
INSERT INTO `account` VALUES ('163', 'Fiskad', 'F905AEEFD7DA78B301051B0562364BA806D796E6', '9DCE3DA6E32A681A5C16D253F73F3CCBB348B34F67B06B118E26A643F92D9AAB8092F73E0AE5485D', '510EB732C5BAF663B101E37F918F8D50EC1326E0A180FE3E104D13EE8AEB9EB2', 'FC873D30DA1072BAF33A63256DEAF7AA3219B89CD16452CFE3D17D491BB65457', 'Elajt12@hotmail.com', '2012-02-24 11:37:47', '77.105.241.1', '0', '0', '2012-02-24 18:27:00', '0', '2', '0', '0', '', '0', '0', '112841796', '0', '0');
INSERT INTO `account` VALUES ('164', 'Bgnick100', '95610305D367192026BCF7DB50D755C01CBD168C', '6028D7C2164864CA9B9C28C6E3652549DFE05430B2340EA4A75B5016D9F245117F038402A5BF74E5', '12FEBBA2EFCA59DE754CFCB45DA70ECC75AF9DDA5D56DCCE093CF5F745928BA5', '9F7343939D4E85AFB28726FA95CAE3A95BE1D24BB38B15CCA75CA7112749E99F', 'Dqdokoleda9@abv.bg', '2012-02-24 12:04:17', '94.236.229.143', '0', '0', '2012-02-24 12:04:59', '0', '2', '0', '0', '', '0', '0', '672192383', '0', '0');
INSERT INTO `account` VALUES ('165', 'Jangles', 'B2BB52DA06FF9CB2B8186FC8C0F3113DB479797A', null, null, null, 'Anthonyclose69@yahoo.com', '2012-02-24 17:06:25', '127.0.0.1', '0', '0', '0000-00-00 00:00:00', '0', '2', '0', '0', '', '0', '0', '688281250', '0', '0');
INSERT INTO `account` VALUES ('166', 'Rodger1222', '839FA4E1E7236D159A754EE7FB9B6B6BEC13EA37', 'E0B5625E1282477B6F8CB6D6740756845E13C5DBB91BCD9161B0A4884DA6C4E749D8F0649E0AF88F', '7232B9574EC6DD17CDF2DC8074195764646E993E196AACA0E11B2ED45B9BCF6F', 'DCCEF71276ECECB5DDE8EF5BFD7CB047C42CF52C674BFA29D5D626FF97A068C5', 'Killswitch1222@yahoo.com', '2012-02-25 02:12:44', '71.248.175.100', '0', '0', '2012-02-26 19:24:24', '0', '2', '0', '0', '', '0', '0', '114990234', '0', '0');
INSERT INTO `account` VALUES ('167', 'Rainol', '28B75708253A019813CC09E3320CF13C4CBCE2D1', 'C03F27FD61D39EF7D55E527175B42988C088C7B83A1A6E1BA96BF9A325784198F1F3BEFA6599CAF7', '2674EF8B2FF7872A69D3DEDAA64A277CAF9E02B7E185A28BE066693AD68F0741', '9C20EDDAB1A4EA608DBBFD8534F36F2225AB56DD29E8285A989DD9967695E553', 'Alexcarlos212@yahoo.com', '2012-02-25 03:04:54', '98.219.88.57', '0', '0', '2012-02-25 03:06:13', '0', '2', '0', '0', '', '0', '0', '699707031', '0', '0');
INSERT INTO `account` VALUES ('168', 'Kilgameshxz', '6FAA8B791E074863E9DFB21FA159C7ABB0B56938', 'C5CC7664249DF86E047A46B0886457FB20B83A8C0F57D0961DA9F96A3D329B9A645298DDB75A3F71', '5936BCA9BD95B1AE09598AD5188AFBE06080C70E75D919A14B10AD75978096A4', 'F474CB4905CF3C911B05B0A1B35009D2FD4EF2282FA2290C9041B5A8FD6F31CF', 'Klg87222834@yahoo.com', '2012-02-25 03:19:36', '67.187.12.60', '0', '0', '2012-02-25 03:20:51', '0', '2', '0', '0', '', '0', '0', '561938477', '0', '0');
INSERT INTO `account` VALUES ('169', 'Kfcwaffle', 'BF3FA3980C58F320DF1851B8B9CE71C1ABD5888D', '0E1BCECD15318A3738BE0711B042D79CCFEEE91ED85FA67C29E5CA2A7944DF643E4BFE943CD92985', '465DFED77D3C194D3C0146BCC7B2B863E15A2977EB0F93B3871AFDE869233848', 'C8BFF97458458BF51A2D6F1EDA3C2BB39CB89774F6607176CF002BC4B3DD9619', 'Kfcwaffle@mail.com', '2012-02-25 03:19:58', '108.36.211.10', '0', '0', '2012-02-25 03:21:50', '0', '2', '0', '0', '', '0', '0', '692163086', '0', '0');
INSERT INTO `account` VALUES ('170', 'Icky2', 'D7AFB09AD7DBE91F1ACB744AB240379A3A6C036E', '596441897259471505473770B5A0DAA9E22F5B325A0947BBCA2D124DF903304FA428381D42E9EBBB', '6BEA3D266C0DFFFD0059FDDA6627A0E8480794DE3CA78DF540BA3DD9B48465A9', 'BCDC5F0EEC6B818511EDC36B02924E6C585DEA66A4D805A5996803AAAA46EF51', 'Lawin2011@live.com', '2012-02-25 08:56:50', '178.251.244.181', '0', '0', '2012-02-25 08:58:33', '0', '2', '0', '0', '', '0', '0', '317773437', '0', '0');
INSERT INTO `account` VALUES ('171', 'Bigmarly', 'A6068A2B43F3CDB5F22DBEB4F53A4DED5BF03E8E', 'C2F6E9A6FF5A497CAADE4F21D804EF8129D74D024354FEFB5DE7E5C52F770F1B21A613AF5CF8BF36', '2D007653D5622C805018D133BE3C042F49C956A16EEE26228E19634EF75E6A0D', '918E2D0999991BFC0F959D4C913CAE4FA74EA3A25BC66F18FBD54A731C57F09B', 'Jd_marly@hotmail.co.uk', '2012-02-25 10:03:19', '86.19.110.254', '0', '0', '2012-02-25 12:00:33', '0', '2', '0', '0', '', '0', '0', '777075196', '0', '0');
INSERT INTO `account` VALUES ('172', 'Adamhc', '99E1D3C7F17458FD8D21D29E1BD5B9253221D575', null, '3BE3E1F631E40135E382991D9C96E2F4A1A7C07A8E400FA0796BA23B908A00E2', 'E857805A72A2C97AFA70D6BFAE4612C3B2F1D352E64183980126368DC7812447', 'Sonja.bock@hotmail.com', '2012-02-25 15:14:01', '127.0.0.1', '0', '0', '0000-00-00 00:00:00', '0', '2', '0', '0', '', '0', '0', '582031250', '0', '0');
INSERT INTO `account` VALUES ('173', 'Codybanker', 'B121825A6A3E1B1D009EF5A7DD0167F040322EB6', '6A1B296DD8B38658C63C1C232D53C705297FD8640B46E83667EF1972BA07233D93FC0AD1CEB57C96', '70D1FE1D63F7239A76D5D0C165B0152AABE369A4A73D667C6CE9264A7BEA4833', 'AF5A1158DF19B3C88F197C9C6BB8B649B96FEF3BFD29C2C8D6EBB1EFA653D9C1', 'Emregoktas@ymail.com', '2012-02-25 18:18:51', '67.4.38.40', '0', '0', '2012-02-25 18:19:54', '0', '2', '0', '0', '', '0', '0', '168383789', '0', '0');
INSERT INTO `account` VALUES ('174', 'Mammoth77', '05844D476C4794D0FDAAB8AC6CB959336B67A785', 'AF14AA111F67CA400423E9EC7A2E09790807BA78F4C81E79E32BFE5FFA3FC4E73E248616D3DBE4CC', '693457A91BC24613689B5338BF1601FDECC08DFFAC863310B0704BAF12AC075F', '9FD8A11E072B09BB18A8C5589FF73448C572802F7511FBB955F5EC7BB25586C5', 'Banzza77@gmail.com', '2012-02-25 18:54:42', '108.68.28.209', '0', '0', '2012-02-26 15:24:13', '0', '2', '0', '0', '', '0', '0', '413989258', '0', '0');
INSERT INTO `account` VALUES ('176', 'Nickw2846', '28320A64C337D476F906513BBFBDBA2143D1A42C', '608CBCF8D7D57FC3939030C9FF7E960000558D03106A5C2D17593ED030234D10E7EEF023545761E0', '5DA70182C6E53B23FCCE3FA7506A9CA9B0DF923BD7BDB4D480CE3AC53FD19279', '93B174F6E4E6EA0C9DCC0935A1E368CFB609C8A11C2574AF6995CC73487D9F2B', 'Nick.williams6446@gmail.com', '2012-02-26 03:47:51', '76.187.216.126', '0', '0', '2012-03-04 15:21:52', '0', '2', '0', '0', '', '0', '0', '423071289', '0', '0');
INSERT INTO `account` VALUES ('175', 'Am3n88', '7D52C1883143268E95FF48D088C07ECDD795B98F', '5DA85884D0ED78C6B620ED8F57BEFF29D3EB36E3BE58B3ABD7C1134D7E429F4CBC090BF9ABA6E9F7', '4BAD8B021318F4E21DAD9EADD3219619778BAD371363460CAFD3DD55897ABA56', 'C4B294EBB47FEA8FFFB5B6376DE324507FC9F5E1400A720424F7FD6DCD749ED7', 'Slayersboxer@rocketmail.com', '2012-02-25 19:43:45', '83.226.136.48', '0', '0', '2012-02-26 14:33:30', '0', '2', '0', '0', '', '0', '0', '194067382', '0', '0');
INSERT INTO `account` VALUES ('177', 'Healticket', '5220B36C557C0A032352D29890975E0F710DA5E4', '647BABA713C7858A97F2383181B864F2AB071572C3486BADDC2CC31715434A65F47412AF3A0A59E4', '24284A066EC706B06C3AA30F67D970068C5E3C5C3F3C00ADCB3767D0FDA7593B', 'A18B0B27DEF005100A866E4C91E999EAD9BC3AE274E3B6219864C34E0AB7AA07', 'Andwra@abv.bg', '2012-02-26 12:15:31', '87.252.163.135', '0', '0', '2012-02-26 12:15:46', '0', '2', '0', '0', '', '0', '0', '806176758', '0', '0');
INSERT INTO `account` VALUES ('178', 'Sheeppy', 'C1CE9509451F39A544FD75F3208A838B37082AE8', '476D12191D1F5E85C804962B42C21A3EEA50F0A1B6D208B990D1EDE9857FBF9C05AE4D80C71BAFA0', '3994E761BBB233F79C6A84319902A2898E653BB7D7020C36F14157E73DA9F71D', 'EA9B45F96DEDC3AB8EE47BC8836BE916E91FD16395278B7217D5286FD37B2539', 'Matcsimpson@gmail.com', '2012-02-26 13:57:23', '24.92.92.214', '0', '0', '2012-03-03 00:43:36', '0', '2', '0', '0', '', '0', '0', '421655273', '0', '0');
INSERT INTO `account` VALUES ('179', 'Chaos40', 'BF6B6275C22A3EC9EEDD58221E4CE3F91D4377D7', 'C0ED670E16B587A61BA7697854946F7300E524F1A63BC9D8422D83B129B1B7E6392A513B4B97EBAB', '71D129B68D143AE72C229F6E5CC0A0474F748C8ECBC343D327A3AA4BF59E3658', 'B8D7EDBF38A728986C1DB5FCBF6653BFF3BC1CD5C9A7C4C355AE74831C09A39B', 'SaveWhalez@Gmail.com', '2012-02-26 14:17:09', '75.130.110.147', '0', '0', '2012-03-01 15:35:57', '0', '2', '0', '0', '', '0', '0', '140161132', '4', '0');
INSERT INTO `account` VALUES ('180', 'Asbell65', 'D25D5B8048C9D446FBB44BB6C0D276F39E013913', 'FC3F1A3F74AED6B32F8B40683AC4912106F23399AA721D3C7C50BFF401A9CF0770E7CD02D43FCCB9', '29CFAE4751093173AD305E1D9159A69758FBD50F806D3A01540C811358070A91', '912BFF8419649C294B39E540775C6657F48314CD5D50190BF1B99538EF0B059F', 'Rowdyasbell@gmail.com', '2012-02-26 15:39:39', '173.22.219.108', '0', '0', '2012-02-27 04:55:46', '0', '2', '0', '0', '', '0', '0', '593066406', '0', '0');
INSERT INTO `account` VALUES ('181', 'Roskopro', '2BF8C4FB433861CDFAE27A36739C1A9310B26BA3', 'A10BA4A9CF96DA918941E21644B76C3D45FA5519AB19C016CD3B63F75D77C2F734DD021DCA4C369F', '40E6986F2C4497BBF0DC5BBA0BA301BF8A0B9B36FB446AB0DFC438F17B4A0F7A', '906C7C37FACDB2E8E8D425A4469DB9C1DC1E9C9E97356E6EFA2968D3B39F29C1', 'Rokata5@mail.bg', '2012-02-26 16:15:26', '78.159.138.63', '0', '0', '2012-02-26 16:17:37', '0', '2', '0', '0', '', '0', '0', '837329102', '0', '0');
INSERT INTO `account` VALUES ('186', 'Kingalex', '29087F880CC10C496C7D46FAAB9AE62F7A3BD7F9', 'FC0C14BB56E2D5ED3F8CEE4E2892915B2F075D93180FF90006DB1A68060F0AFBEC111100BFC0D367', '55B3C60C920D153733A8028EE109CBAD47AC9ADC9A4F00C0192D397C09BB3BF4', '81B277B614A03FFF23B551ECCA0BDCA768693EF7FF6B3868047C88E82BF5BB31', 'Alleballe91@hotmail.com', '2012-02-26 22:15:47', '81.237.230.151', '0', '0', '2012-03-01 19:53:27', '0', '2', '0', '0', '', '0', '0', '215893554', '5', '0');
INSERT INTO `account` VALUES ('187', 'Apollozyo', '900C91347CD426765D3DE7F8AB24FE64704972D9', '344B01B804F118C905BB61CDAE389BDE36F6699A71EF22B25717AA42C101C5744B64C6EB2CC01A8E', '1B139BC081C8FB2BD9EB18569C063E020E6634293B043091602E60AAA440F05E', 'DC207AE4872399BB37FDE3EC18FACB6C17F80E9C76DB6F9BFC1B3F43D5FB99E9', 'Costabruno123@gmail.com', '2012-02-26 22:54:13', '68.38.22.151', '0', '0', '2012-02-27 21:46:05', '0', '2', '0', '0', '', '0', '0', '594287109', '0', '0');
INSERT INTO `account` VALUES ('188', 'Bobman29', '26931F0154FF75E5B45E3B8A3E96902F4853087E', 'FCF3761A320074798BFCA3F1D022A9606BBE60061F497CCF9CFAC4E3CFDE2C7D19DBAA61D639CB06', '3CE0A31CDEE7C28BFAEC02E9A09744ECCA50A2ECC7CE1F1DC466E556DF1C006A', 'B7CC6EC3014AAC0BA91777266769F5C7518592D14814F8E6E3ED518667FABC03', 'Nandreasendonate@gmail.com', '2012-02-26 22:54:37', '99.74.206.54', '0', '0', '2012-02-26 22:55:15', '0', '2', '0', '0', '', '0', '0', '231542968', '0', '0');
INSERT INTO `account` VALUES ('184', 'Periclez', 'D5595E6F3A0874CAFE77D385293ADB0DA7F01E37', '953927EDDF16D44505A947ADF216082A513802B2D4BF620A5920750FBCC45B71797C2A8F236717FC', '889D7692246E6F4F4C8D9A2C4E76DD011A145B58161F71B60DA78EEF64FF41A1', 'E83D8D4D802F5F50599A450C8991E42CB85823F6FE812B0EA5B3306551CB7B01', 'WCGarand@gmail.com', '2012-02-26 17:23:36', '174.48.213.4', '0', '0', '2012-02-26 17:49:10', '0', '2', '0', '0', '', '0', '0', '491333008', '0', '0');
INSERT INTO `account` VALUES ('185', 'Shanebrett', '4ABF1B837D792DB5B54EFB5EEEAB3386A1F262B7', '71054C4950FE039B5B3733CBFB01E58F44F533FFAE112B6FCAED0CD831CD687D717EF678397D0A2F', '0BCAE189BD7D085FDE80C14A72DAF793DCA7E9B3AD72CF0BF9D9A23B32A2C225', 'C9972D37303E31DBBD1AC5CB91181FD4521B1F5ED95685D87EB9CB0EB69B14B3', 'Shanerobertson@shaw.ca', '2012-02-26 21:29:58', '50.64.4.61', '0', '0', '2012-03-04 17:36:52', '0', '2', '0', '0', '', '0', '0', '717504883', '14', '0');
INSERT INTO `account` VALUES ('189', 'Jimmydacow', 'CE7942040126143026043B4B54937220C4290101', '8FA25385D43F4D7D811436AAB3A81887BE5F14C830D644BD0D96580BF90EF120FD12CA2910D619E2', '4F648AA5A1B2B7F7FD0CEE31CDDA464735A96D4FC56E549F8E85CDFCAC21CB5C', 'EEED853487C26169C47F6DFA3252BF5BD8AE5E5602DAAA39AFCD2E1F4523067D', 'Scrubbypanda@gmail.com', '2012-02-27 01:43:41', '72.12.166.79', '0', '0', '2012-03-03 17:53:15', '0', '2', '0', '0', '', '0', '0', '316455078', '0', '0');
INSERT INTO `account` VALUES ('190', 'Kliop1', 'AA7E25E7C1CC24976327AB508D478AA6513672C7', 'CC8AD458E43E85F64E110E2AC4674404F68807340764D4E1D41FB7CADFB342181FB5EB1CF2194136', '6173846B0389155A19C372C8554BFC5FBC1C07B009DF1F05F27D267FAEC910BA', 'E765C21906B4E6723C2D447BB5891ABF30C2894B7AA85079DC6BFA6AADCA9349', 'Sdfsdf@asda.com', '2012-02-27 17:13:55', '216.211.72.132', '0', '0', '2012-02-27 17:14:41', '0', '2', '0', '0', '', '0', '0', '701928711', '0', '0');
INSERT INTO `account` VALUES ('191', 'Simon16', '747B695A1DCF2DD5732DC9F36A5066A4EC7BE434', '07BCE7B947DD35C6E2AC6C2BD3D5208F7495B7906F5652CCD59E5151DF5AC164992B54625BF1CF35', '142013937A9C2ADAC30ACD4866B16ED8C792A6DC7B30C376E5DC706F9CE4CC81', 'FB2CBF66F17CAE192808D7C17D174C79C4FFC29D4DD35F58AAFA17B956E09F63', 'Rock-simon@hotmail.com', '2012-02-27 18:26:02', '81.228.146.229', '0', '0', '2012-02-27 18:26:40', '0', '2', '0', '0', '', '0', '0', '373095703', '0', '0');
INSERT INTO `account` VALUES ('192', 'Hawkee', '36200C7DAC82F680E4F037FC16DC24FC82D528FF', '8A8B49F70A3B565245A159DDB77E7C950B3FA3490FA2C31CADAE541217FAF514767F8B5D3D2D8AB1', '879E858D6CD97EBBDD1C46717A77F3347631BA6C0543A1B8D5B1A6950862C65A', 'C2D2681D3A62D4795B67938DD78B9B0FA93A87250F16E137C426318A28C93673', 'Maddcoww@mac.com', '2012-02-28 00:27:01', '173.74.6.250', '0', '0', '2012-02-28 02:45:26', '0', '2', '0', '0', '', '0', '0', '481445312', '0', '0');
INSERT INTO `account` VALUES ('193', 'Trentboxer0860', 'FDF0A0250BAF84F9C49B46F652A9D230A4E2A3FB', null, null, null, 'Trentboxer0860@aol.com', '2012-02-28 11:11:53', '127.0.0.1', '0', '0', '0000-00-00 00:00:00', '0', '2', '0', '0', '', '0', '0', '778710938', '0', '0');
INSERT INTO `account` VALUES ('196', 'Harrison1997', 'DCFBEEF3E2ED159209BAB206C124B7F6BFEA406F', '14ECE35F26DFF046F2D13EF98971DABCF4E835014E8922B14CADA811C2873A0FFB84837AA6803FD2', '58163B61D10A9248DBFB0915C6E462F6C691FCCE2EB34A0DB772B3B2D92CA110', 'EAE6C0406D81FBB66DCC9CA1A929E49BF47226C6382E737612E4855748249D8F', 'Lucy2001till2009@hotmail.com', '2012-03-01 01:58:06', '222.152.239.62', '0', '0', '2012-03-01 01:59:01', '0', '2', '0', '0', '', '0', '0', '567578125', '0', '0');
INSERT INTO `account` VALUES ('194', 'Jackson191', 'EEAB8E3EB0931F998BC5267C1EED4FE929E303BC', '1A146CE7D41E953DB6795DEA664DA28DBC33ADA260F151B52FA526821111B59FA51B38196DBC103C', '67BFFEC40FE9CF05C896C2689B715AAFBAEA032AB6DD012045B819ECC9FCC4A1', 'CCB1AF422FD958018BB8AB83F4E88DA328162154662413D1F5F3F20FC8419CE1', 'Omar_is_cool11@hotmail.com', '2012-02-29 07:39:27', '168.187.34.169', '0', '0', '2012-02-29 07:52:03', '0', '2', '0', '0', '', '0', '0', '178271484', '0', '0');
INSERT INTO `account` VALUES ('195', 'Jasonbash', 'D73F9AD413162ABDF255DDC4C1D619801D41561E', '2FCF0877EAFC4BE7ED79281461B56CCD6F14014750FA573373BCC16884C8C11BB39F7AD96C414916', '6CD4992C47DE6DCF9CCAF3E31AB11DF6EA549A3149254DEAC9B83F984966CE1A', 'A209D33CFD5F7C10236AC7E12981303FEE489B2DA25D1A3D71CD73DFD9C4E53F', 'Emo_wayz@hotmail.co.uk', '2012-02-29 11:54:20', '92.235.152.75', '0', '0', '2012-02-29 11:54:33', '0', '2', '0', '0', '', '0', '0', '894091797', '0', '0');
INSERT INTO `account` VALUES ('197', 'Andreiking', 'CC5A131C7836C0286608664946D0C1266B4151CA', 'B1F8B621CD8CB08298DECD26E8FB6FCC6068B85DBF4D17BAD4E8EB99060B6837BB9D4A0588AC6FB6', '407AB4B2474DE5E85823F97D9DB1556BD71832CD2E275EC5B3F4307175588536', 'FF7CA657851EF2056EA18BC3CEE36E3135CC4BD4B52D061D155587B90C2D45A5', 'Praf1994@yahoo.ro', '2012-03-01 10:10:48', '89.45.226.139', '0', '0', '2012-03-01 10:11:58', '0', '2', '0', '0', '', '0', '0', '231469726', '0', '0');
INSERT INTO `account` VALUES ('198', 'Razer91', '6B576CEC114AE3A8C7645C7D5126D6526D3CADD9', 'EEA645F1392859A04C98CE9ECD4E75BC93607F9216211703AFE0345CE2FD855213EC4E2E2DCEECE3', '70D489ED3F3F971ADCE115B7311F4730CB60702DAD21B1C8277A847F4EC123', 'F48DF1B18F5FF0032648C50C8ACAFD9DAECF82C3A1F326A5FA92CD421F349C55', 'Galbatron91@gmail.com', '2012-03-01 11:30:27', '151.28.239.133', '0', '0', '2012-03-01 11:30:54', '0', '2', '0', '0', '', '0', '0', '865673829', '0', '0');
INSERT INTO `account` VALUES ('199', 'Espace', '0FC0616B14ABDA6159D1FE73D6A2AB67D4179501', '61B3994773FE48595738012629779B04741B4043E10C0F7FF52247020CD14C8DE5D76FCF936E2535', '0BFBC24972A06B5FC815C213ECDC0554B864C7D6C3C3F0F976677FB62B8CFAF4', 'FE5A19A1EED362118426E60F595680DB349717EE56107BA711107D9B5ADE48AF', 'Mentclement@hotmail.Fr', '2012-03-01 19:32:02', '92.154.88.202', '0', '0', '2012-03-01 19:40:30', '0', '2', '0', '0', '', '0', '0', '285693359', '0', '0');
INSERT INTO `account` VALUES ('200', 'Swatz', '22742BA955C6D303755A9F618B895DABEABA39FB', '52AADA221CC075853260A1512E48F493D85C49E02D89379913F34D4F7A78F33B04AF20C20DA639AD', '439DD4B3832C9546F9CC73C17A9E4488453E92214B5EA3216BEE7C026CEEEC2D', 'E035938F1D6EC21300ABBB15E029919EC4C213F707B74A6AF28F9C3104F8C7D3', 'English.pleasure@laposte.net', '2012-03-02 00:30:59', '88.140.117.242', '0', '0', '2012-03-02 11:29:09', '0', '2', '0', '2', '', '0', '0', '609521485', '0', '0');
INSERT INTO `account` VALUES ('201', 'Comag', '589DBBA4FC35B39DBECF9CF8C8F4C709A85A5352', null, null, null, 'Uekiii@live.fr', '2012-03-02 01:07:34', '127.0.0.1', '0', '0', '0000-00-00 00:00:00', '0', '2', '0', '0', '', '0', '0', '474731445', '0', '0');
INSERT INTO `account` VALUES ('202', 'Compag', '14D3218FED8711BFE71049CC50ECE35A00573769', 'B4848990FC82027AC0C3CD5B0CA0C1AFBC7B41EF111956B60A501101B805273CC71537A7FEBB4D01', '1B1A26C115973149EBEA410F7453969E22B3F23BC3CEFD4FF2D4E0AC9278B096', 'A40A4BC3D8F851BAA6EF6067031AB097C4149DB0DEBD78E62C9390A458B32973', 'Uekiii@live.fr', '2012-03-02 01:10:36', '2.5.177.166', '0', '0', '2012-03-02 01:11:07', '0', '2', '0', '2', '', '0', '0', '797558594', '0', '0');
INSERT INTO `account` VALUES ('203', 'Vanicent1982', '4356AE6CAB622ABB1F4506F3DC92D442C117E5A3', '64CFCE245A2E5FAA5D592672D51998DF1EB8D2BB710528CFCAE44B8EF2CED24F6DF05FB3D4FD1352', '8109A29D2CF0A9099087628ADBE26226FED501EF5F23B85753AD1E92B45920EC', '8321DC040A9888268F6911B55B29CEE42B8D8CF473BC23AD0BD1E553F61D79B7', 'Dragonmii@yahoo.com', '2012-03-02 05:30:34', '173.168.165.207', '0', '0', '2012-03-02 06:34:23', '0', '2', '0', '0', '', '0', '0', '171044921', '5', '0');
INSERT INTO `account` VALUES ('204', 'Ay0hel', '3A496B69B00B81F9390F6047CC24125248D3C7F9', '0CAA5000F41613BDB20CAB3AE290B96F61439EF807E79FB43A4AC03CEA29001F2D6802667A850E14', '4696862E32DFAEA46D2EA7C1C7F509DC4A69196D9B2B72EE2EDE73FB1F6B7900', 'A700C2E724292232166BF169EE5299B8B0FB5E45EDF364663B34C9C48796C799', 'Bryceah510@gmail.com', '2012-03-02 06:26:48', '76.105.80.194', '0', '0', '2012-03-02 06:27:57', '0', '2', '0', '0', '', '0', '0', '252441406', '0', '0');
INSERT INTO `account` VALUES ('205', 'Enmet', '88DF03E1CF88A38477A4F5BFA10AD13F7D561322', 'EFEC86FCBFDB24F7F6436E4106B5F6F31779A5CE1206BC14E73D813D2FCD403D9EFB8E721D38410A', '5613BD36CC24AE406B4A65AF1B842E32142FFC926769749A74E6F8CC984B8E3D', 'D21927942EC58D358124748B98474B3F43448516AA06BD59FFE12466D35455B3', 'Se_marcos_15@hotmail.com', '2012-03-02 09:34:00', '83.41.219.87', '0', '0', '2012-03-02 09:34:40', '0', '2', '0', '6', '', '0', '0', '204370117', '0', '0');
INSERT INTO `account` VALUES ('206', 'Pecimir', 'E23232EAC793895C9FB1E3911C8945BAB5C01C3B', 'C3E47240AE142565B1FEF607EBE22AA8EDF771C21F018FE552AE820B2DAD7AEF09F0A9E32EFA95A9', '579FBDAD251F6CF1954DC63CC67FEDA67FECDF2B6206881DC5EE1FFC1F24913D', 'C43D7CD7BF0EAD6108DF5862AAF6279C1AEEF85E49C4980AB8155D7BC4D50A4F', 'Pecimir@hotmail.com', '2012-03-02 11:33:31', '178.79.0.201', '0', '0', '2012-03-02 11:35:18', '0', '2', '0', '0', '', '0', '0', '696948242', '0', '0');
INSERT INTO `account` VALUES ('207', '123', 'FE355175952429614D8E1FBB9E19C8A693F86944', '953EFCC113B60F5C54B983D89C3C7FD574AA37271A94107EEEE7A6A17338DD0A7183BC8868CAD1C7', '552DD109B64F2625BA3662DD77859D374BD0B7ECEB87FB0D0B7E4498CD955C45', 'BB230EBE4563FCBD149B4A8D68B944C83A1F323BF13D518051D3BA25F96AC1E5', 'Qwe@qwe.com', '2012-03-02 12:54:52', '65.8.22.43', '0', '0', '2012-03-02 12:56:48', '0', '2', '0', '0', '', '0', '0', '797851563', '0', '0');
INSERT INTO `account` VALUES ('208', 'Serion', 'FB95C3DB84EB491113AF95DB384E5D703EE1296F', 'B6794C596E3100C5D2F80375CF5EEFD460FB75896BBAD45AD86E7DE30D4E04297EF4C3BCF5DFBDF0', '50E03A66C180559A47C48D1268B132E053DDD3093ED3B87F0DA720BF999D9C71', 'DBAD89BD7650F7A35DC9FE2B520E1F3F489394AF6DDCA42302621B36079882D5', 'Timo_skater_6@hotmail.com', '2012-03-02 12:55:12', '83.83.107.34', '0', '0', '2012-03-02 12:57:25', '0', '2', '0', '0', '', '0', '0', '459619141', '0', '0');
INSERT INTO `account` VALUES ('209', 'Davidkooo', '5E172CEA4A3A06EEFAB1D8A0D0D609D42DC37DFF', '9795FD349E4D2CC24500E0A802E25E4DD80D5EC571DE1B362EEC8E9EADA7776C2E27671D38AAB92A', '74C58098865BF171BD294A0798CEEB62CE4CD86B40C7F3D022DCE5B5F5A8E86C', 'D7A37881F42AC06B01864B55B093A9FAA618E90A97B608373EF3A873A7AF35A9', 'Dadqo_m@azet.sk', '2012-03-02 13:26:32', '87.239.57.14', '0', '0', '2012-03-02 13:27:31', '0', '2', '0', '0', '', '0', '0', '383886719', '0', '0');
INSERT INTO `account` VALUES ('210', 'Liko6', '942FDE657EE08936097ACDC5ABC54A1F847853EA', null, null, null, 'Icehowl@abv.bg', '2012-03-02 13:55:27', '127.0.0.1', '0', '0', '0000-00-00 00:00:00', '0', '2', '0', '0', '', '0', '0', '280249023', '0', '0');
INSERT INTO `account` VALUES ('211', 'Faceroller', '5416A60FBE35DA3D9D4DAC57234ED7346CACBF4B', null, null, null, 'Kyledmartin@ymail.com', '2012-03-02 14:37:09', '127.0.0.1', '0', '0', '0000-00-00 00:00:00', '0', '2', '0', '0', '', '0', '0', '554809570', '0', '0');
INSERT INTO `account` VALUES ('212', 'Wayblay', '0154FF5D10BE2D4EC8F68E16E3CAE92B88F876B4', null, null, null, 'Olast666@o2.pl', '2012-03-02 16:29:23', '127.0.0.1', '0', '0', '0000-00-00 00:00:00', '0', '2', '0', '0', '', '0', '0', '492260742', '0', '0');
INSERT INTO `account` VALUES ('213', 'Hawkmanlol492', 'EF473D0D2D6EAA26507A0EA7357FE067498323E9', '5C366029CD530ADB829CC4CB66568D4742F9DF0D6E01BA45CD27D0B463B09EE9835D472C95115CFA', '2F6A5B470A5473260C438DB48AB7B9FEC8D2F3F0CBBF22481ED8BB42D9A1DFE6', 'DD6EA90ABBC81EF95DA188836C56C94A5D72DC79588EAF32F3274C74A81AC969', 'Eu_dorin_eu@yahoo.com', '2012-03-02 18:22:00', '79.115.111.131', '0', '0', '2012-03-02 18:23:04', '0', '2', '0', '0', '', '0', '0', '636181641', '0', '0');
INSERT INTO `account` VALUES ('214', 'Skilzsosik', '154CC3D879FDCA5ACB71715F781D419669AAA5F2', 'DD084B2187D88B13DF79AF24E86FFB8A4F1BDE1FF8793D2286E6111FEBD8063615762F6CCDC49AB5', '6309C88A7E9E1F42761B4BC0D8EFDAD753AEF32F849DACD888620F7F2EF111DC', 'EB4862EF16133B8E4AC54EE8294D181FE7C655B25926DA5871AADDA5F09C24EB', 'Skilzsosik@hotmail.com', '2012-03-02 20:29:11', '108.18.255.153', '0', '0', '2012-03-02 20:36:09', '0', '2', '0', '0', '', '0', '0', '297900390', '5', '0');
INSERT INTO `account` VALUES ('215', 'Razvan678', 'A41AFDC5A94F5C65A132A83E814FED8C4BD16D1B', '92A78B13BF761BC36B1E8FDBD26740262A254148463476AC264F26AEF208D69842F0B55F27073E27', '0AFE0381B82A0CAA7F36BD8D13BBE691E6803450226A6FE12B7F402B24275744', 'DFC9A3D97F5E419FA8016B5EDDCF2042061B91998401D9DBB5C30E1E5706A1F3', 'Dragomir_r@yhaoo.com', '2012-03-02 20:45:44', '79.116.179.51', '0', '0', '2012-03-03 00:15:20', '0', '2', '0', '0', '', '0', '0', '673559571', '0', '0');
INSERT INTO `account` VALUES ('216', 'Meow223', 'C1E601956DED4BF528D6D57F52FEE602BC0A3180', 'EDF9231DC6EB040116DCE949713645E877EAB40D0F66F021432D60E2A1F0258710CF281CCEE02AEC', '47D66BB6CEDE11A1E4EE077E37F6C0887797B00B3C873F546A9829F1898DB488', 'D8B115665DFB47CD0D276C8E131276FBA91961B5D10DFDDB878E9A3715EAE6AD', 'Zcombs30@gmail.com', '2012-03-02 21:55:33', '68.112.123.104', '0', '0', '2012-03-02 21:56:48', '0', '2', '0', '0', '', '0', '0', '255834961', '0', '0');
INSERT INTO `account` VALUES ('217', 'Danne123', '6210ED720D39A3319F9CF9A04465B2C2F4591F12', '9E40873F6401828CB870DA053B8A66746B271B63366501CBC0A7F6EA4EC245B165C81B9E717690CE', '81557CBB0F21A2A2DF172538FF94188189E74D5E0695062205BEFE90C5F56AA7', 'C145A04AB23C737766397A6E160ECA9971E7244CBA9C83A20D70973D87177C91', 'Danne.daniel123@hotmail.com', '2012-03-02 23:48:02', '78.70.249.81', '0', '0', '2012-03-02 23:52:12', '0', '2', '0', '0', '', '0', '0', '282470703', '0', '0');
INSERT INTO `account` VALUES ('218', 'Andi86', 'E484CA9CFDB97B1CBCF02A21BB156F49C3225BC1', 'E1DE3A62B12D0DBC289CD7D56D99470BC5D6A35CB25A178EDF6DEE5AB0078E1229CED30764423333', '4A6741830109EBDA136BBC3853BE36C6283693BC6C191CDB3A88F0EE9A9387E6', '87CAD3EB4036056429EE708EE045758659361A4A71E55E1C8EE1F14610EA02E7', 'Ariggs1986@hotmail.com', '2012-03-03 07:34:16', '24.182.227.7', '0', '0', '2012-03-03 07:36:35', '0', '2', '0', '0', '', '0', '0', '243627929', '10', '0');
INSERT INTO `account` VALUES ('219', 'Eminem32100', '2EB979301B08853E38E802D0305F2C7F3861E987', 'B620A3709F35179FDF68EB2CBF080210C87F0D462741F1C27228B854DAAA068718107E5472084668', '841EFB9D40E094A0ECE68E6B2F6B5E01011B11ED060322375121D811AB71CAC4', 'D50E9F34041165848E2A4AD1255E508A78243466EC1576BF71293A41048361DB', 'Leonunitas1@live.com', '2012-03-03 10:00:38', '91.89.98.186', '0', '0', '2012-03-03 10:01:35', '0', '2', '0', '0', '', '0', '0', '211328125', '0', '0');
INSERT INTO `account` VALUES ('220', 'Mf49', '5007587C71035D3171C2C15D0582D4719C4FFDA4', '582A4BE822138B048A4411E04AD991BC17B7B054723CB9D61969B8C7D3815B77B6C3EFCFAA2B1FE0', '3E62AC59ECFFD5240EA23ECDDD312F74C649F98AE70B80715300ADDBED95DFE3', 'C1BE14D4F9DF16F5802EAA8ABBED08910002F07AA50D9DB3B3C43D15E0AB9E9D', 'Bartek527@op.pl', '2012-03-03 10:43:18', '82.160.116.2', '0', '0', '2012-03-03 10:57:22', '0', '2', '0', '0', '', '0', '0', '761108399', '0', '0');
INSERT INTO `account` VALUES ('221', 'Mojhuntertwink', '7B4862045D9D27687EAF83D255A233F0BC5D9DF7', '6860A31BB7C9F1FCEA49E43316DADCCE6A7718C674FFA9B1A40E45F925F50354C5D089A18CC430F0', '622D54B2EC861733E270CC62BCFC04ADD407E2A97B4A20C12FA9865773AAA5C3', 'F8FCB057D6537ADA917FE69C04CC684F92392881BEAE5AD5BA01DD452FD24B4F', 'Bartek527@op.pl', '2012-03-03 10:44:28', '82.160.116.2', '0', '0', '2012-03-03 10:45:20', '0', '2', '0', '0', '', '0', '0', '234814453', '0', '0');
INSERT INTO `account` VALUES ('222', 'Tiriongm', 'F85186F054B96009DEBFE422AE3727693546419E', 'C0BCCABE4D10E3B287705E196AD132F85AFED2F1CE2091E067217512D7DB36DBD95301696025AB64', '10D24680A346196CD6FB30D30C2591765C7619580ADF00DB5804B3D12A203F0F', 'CA77B1B67C1948E61DD1EAE8BE7BE42F8557BB41DEF6AD8E3FB2293196BC945D', 'Crapomgnet1@gmail.com', '2012-03-03 11:06:06', '85.246.200.226', '0', '0', '2012-03-03 11:06:49', '0', '2', '0', '0', '', '0', '0', '519311523', '0', '0');
INSERT INTO `account` VALUES ('223', 'Hcmguy', '3B90B87B033A722CA70D8B9DBE794E266F2AF422', '38C2D329F0347DB30E25D39204612FDDEE9191872FC3F899CC2B4CAE3618EEE295EFF42D435C1815', '3A98F91D1E34CB67DE02DA25F1D11DDB4E6A71DFB880D92CB672B28E48FA5697', 'BD4294F2C633D8A7894EDB44DEC7ECF4D1800D5CF963CB18AA0BFB909CE2D795', 'Badboytaya@live.nl', '2012-03-03 11:08:06', '81.24.96.7', '0', '0', '2012-03-04 09:21:12', '0', '2', '0', '0', '', '0', '0', '346435547', '0', '0');
INSERT INTO `account` VALUES ('224', 'Marcus97mimmi', 'A752C5BC7EF648F395EF5E69AC78783AEA728BD8', null, '42913B9C96719CF228338044AF8F51383F643A37EF531C075F280DD8406DD787', '8BDCBF127AE9E802507FF33E98DE86A891997532620D24824D0A4753887A638D', 'Marcus7451@hotmail.com', '2012-03-03 12:44:25', '127.0.0.1', '0', '0', '0000-00-00 00:00:00', '0', '2', '0', '0', '', '0', '0', '673681641', '0', '0');
INSERT INTO `account` VALUES ('225', 'Gregss', 'A057F8D63A0200FE6ABBF965BB7667D2031A8234', 'A0D2AB01FBB642B510D4105048611EAC36A124A4DE2B64AD735101B6C8A203AB4FCF2ECFB39287F4', '330D721FF0993828D4E59096BE743CCA41CB60789DD881144C0C5F9AA9E3A9', '9CB34BE53C2FB802C6BA612675DD38B63B9643A037D2DEBFB896345B98E57985', 'Bodescott1995@gmail.com', '2012-03-03 13:47:17', '78.119.209.153', '0', '0', '2012-03-03 13:48:26', '0', '2', '0', '2', '', '0', '0', '241333007', '0', '0');
INSERT INTO `account` VALUES ('226', 'Lithqt', '655CC0443D4942DC14B2284CA432A8A25A1C6298', 'B460CE572F31A9F3A3CBBC2BD9C33A36067933D908FE1BDDBC7821E1339E5BA002CD79902B4CDA9E', '72BC7E7FB5F6A5FEA02B5D5009F1CA466CEF9D80240002AEB2ECC3635FEDFF46', 'DE4CC07A849BDFE46CCC018C6D9EF9BEF76F40AE7B6F86602F7368EAD4A74019', 'Tare.tr@hotmail.com', '2012-03-03 13:52:45', '92.36.146.45', '0', '0', '2012-03-03 13:53:24', '0', '2', '0', '0', '', '0', '0', '357739258', '0', '0');
INSERT INTO `account` VALUES ('227', 'Thedeevic', 'ED519B33750C44B9ED06B299231BA2463AC867BA', '6C8691A718514712437A2E4A82ACA0B46F01B116C837200A284F3E0E5AD30D0FBB1D76613A6E1FEF', '600A237DE789DB2AEEB689709E493755E2717A5BAAC155039B917D44EFDC3664', 'DE711B267EA7649FC08805BD5B60A0431749A33C70B76D5404EF36EF6610CC7B', 'Thedeevic@inbox.lv', '2012-03-03 17:08:52', '92.49.20.245', '0', '0', '2012-03-03 17:43:03', '0', '2', '0', '0', '', '0', '0', '782934571', '0', '0');
INSERT INTO `account` VALUES ('228', 'Shorigan', '229FE03013981E08A26361E772B11D1E90A9EE7D', 'C97F2D343E79EECBED2D5453458EA7BD147723EB5FAFDF00ED9BAA25533007D77B2CFB3C0C71E6F4', '851419F8C709A3C5DAB4E2D4B921D14E8D8B851F174F6ECBA3EA5E5A2A1B714D', 'E572F0600730BE2AFAB223578A4A9A9169C23C794FBD0A17352A4287FA5EA457', 'D_gokuto@hotmail.com', '2012-03-03 17:44:35', '174.89.164.62', '0', '0', '2012-03-04 14:57:21', '0', '2', '0', '0', '', '0', '0', '782397461', '0', '0');
INSERT INTO `account` VALUES ('229', 'Aleall01', '002339B243D2D5ECFA5170A762D57D06D4AD47C2', '541F6F225CE901922F709D9B51A98293CB914AE1D6869F2B90DD99908EB96E4D9EBD00B322D981BD', '3815062DAD5A56A668E62F741F862B956223B94DD71C7A41C7ADF0669EF4A858', 'BB55B56B44049D13B42D0AF4CA4E68D7EB9AB5B9427F28ADE499AFEE703791A1', 'Possmortem@hotmail.com', '2012-03-03 17:49:53', '89.130.199.47', '0', '0', '2012-03-03 17:55:46', '0', '2', '0', '6', '', '0', '0', '672143555', '10', '0');
INSERT INTO `account` VALUES ('230', 'Lolol515', '2EF6C8CE157AC4DEB980174C9F1B29EADA5DBC4C', '507496BE397DB7A459B6EE2D5CFDF45C033FB8F84FA3BD6D900B0175DB798779DA430B7FE340825A', '5A40C66AD1D894BE4B5DBE319AC0AAE8CA4AC8E819EFF1F648A8A49BED1BD0FA', 'F3CB9B8B2F81FFC58845D759C35F4DE5DB4EE54ACA759477BAEBF96F3E8089D7', 'Bcriswell1223@gmail.com', '2012-03-03 18:12:01', '68.109.71.70', '0', '0', '2012-03-04 20:37:50', '0', '2', '0', '0', '', '0', '0', '165844726', '0', '0');
INSERT INTO `account` VALUES ('231', 'Elias98', 'F35B498D0C54E03A9DCD6A023A311694F399DC71', '2A43F6B6B94CD06FC9E151C3E979DB5ADF99BCC83CCE7AD8D2FA876E8073A5CD4ED94F3AFA83E610', '89390158B3F985EE0C7436FDB90E4A4BF8F508F1D9CAB677FDE701B17F08ADDB', '9B6EEB6D7FB18C0DE430A63BCCA139AA1B2F66841F4AC719D88FF9B4399B7C33', 'Elias.backliin@hotmail.com', '2012-03-03 20:51:57', '79.136.27.249', '0', '0', '2012-03-03 20:52:27', '0', '2', '0', '0', '', '0', '0', '548950195', '0', '0');
INSERT INTO `account` VALUES ('232', 'Jakefloyd23', 'D9CBC6ACC399261709687ABE02331EDF6006B4D9', 'FD1E078D77D946F1128164AE1D5C1A2C35823AF3C602810B01589ECA9857FEF875D581ADFA749B1D', '6E1193E80C06FA25FF138C013EAA0573DE3FD94978E005431AC99AD0C924FFBF', '926A76CC397F0BAEDB4D531E50F926124DC486D637E517901EA5F35307B66D3F', 'G18171615@hotmail.com', '2012-03-03 21:21:31', '66.212.39.53', '0', '0', '2012-03-03 22:42:44', '0', '2', '0', '0', '', '0', '0', '199072265', '10', '0');
INSERT INTO `account` VALUES ('233', 'Jakefloyd24', '55F8DBB53AAE0AE5722E9EA8C14B21CBCA3DC434', '782523F8C7EAC1FAE46247D2DF4D646476E3C001682A5D09642FB5C0CD87BFFECF2234500006DA5A', '40286BADFD6AAD693632C665EA486FBA5756783746C716A1251689828FE65404', '9C231DEB693916EDF00A0ACD727BD81907AA2EF07797B498D67E4611C7076231', 'Jaf21@live.com', '2012-03-03 21:23:19', '66.212.39.53', '0', '0', '2012-03-03 22:42:50', '0', '2', '0', '0', '', '0', '0', '701489258', '10', '0');
INSERT INTO `account` VALUES ('234', 'Jakefloyd25', '71151226709309429E4BC94C0768848001D27C09', null, null, null, 'Jaf21@live.com', '2012-03-03 21:25:28', '127.0.0.1', '0', '0', '0000-00-00 00:00:00', '0', '2', '0', '0', '', '0', '0', '687377930', '10', '0');
INSERT INTO `account` VALUES ('235', 'Thijss9', '52AE0D2F407DC10544B1C3134AF978E44C9B77CE', '929D68E175EC0472ACDE3F44400B7E4C24CA320B490556A422ED6B77D9AB8D227578A57B8A6DF9B1', '467A65C4EA54FDB1350ECF1BF9A11CFB2618E361F0BBEEE7961D3D848AACA3C9', 'D133E2196BB68AC9AB399022D38EF903D4B1E80464A090D7C9362DC52FB78FC3', 'Thijsriemersma88@hotmail.com', '2012-03-04 00:45:27', '217.27.237.155', '0', '0', '2012-03-04 00:46:16', '0', '2', '0', '0', '', '0', '0', '813623047', '0', '0');
INSERT INTO `account` VALUES ('236', 'Click2', 'A75FEFD9B6F84417DFA06190B45B4FE8DFA64F74', null, null, null, 'Froger@indy.rr.com', '2012-03-04 01:04:09', '127.0.0.1', '0', '0', '0000-00-00 00:00:00', '0', '2', '0', '0', '', '0', '0', '490454102', '0', '0');
INSERT INTO `account` VALUES ('237', 'Sakay', 'A2F4E3B522DCE467AEC89CBB2FBD07B96DAACCC6', '962A7F0BF95C695A1B134F5BD19AC34022758BE6B46B158BD3ACBA8D507206EE185C78F1D6F0AC17', '4BBF0B4035B5B2376E69A18A9CF97C9B31F62D94047192308CF72BCC3A9CF28B', 'EE279C6EAB8E4B5A622DE5DB2E01B1F7630B3AC8187B7E531122378BA25376AF', 'Eze.gossow@hotmail.com', '2012-03-04 01:13:25', '190.49.154.180', '0', '0', '2012-03-04 03:46:52', '0', '2', '0', '0', '', '0', '0', '810864258', '0', '0');
INSERT INTO `account` VALUES ('238', 'Kikimara', 'B3D2474234E18F3EFC0A67D319BAADC70793AE0B', '11271AD9195449727E0393F22A45665F8FC9686E957DE40605EA150A4D0F3580CB23C27F16845A02', '3F8976166E78785CB163F687415D6C84C4A6C20F812CD20DEEC084C9212F9D73', 'FD8DE06FC61C5F222CE32021AEE45C0C101872F321E805B2D7CB43EFAC96C50F', 'Mainnn@inbox.lv', '2012-03-04 01:39:48', '86.27.102.199', '0', '0', '2012-03-04 16:00:44', '0', '2', '0', '8', '', '0', '0', '853613282', '0', '0');
INSERT INTO `account` VALUES ('239', 'Poope', '5A537D53428C87DF3AF650A89ACDB58A38D37FFB', 'F9CC21FD73566557F33ACDE5571FE219DCC0274ED301A8C76B3AFE4BCCAD1117EFD80C94201E75ED', '1D440D8C099BE767C0ACBB85F3E32A95C4956131EEE56D73F019A8840A423F6A', 'FA703402F0254D874ADDC154568568F47FEC2FFB986C5DF3A0BF89870B701071', 'Rascalmatt@gmail.com', '2012-03-04 04:04:44', '24.4.182.111', '0', '0', '2012-03-04 04:07:36', '0', '2', '0', '0', '', '0', '0', '373461914', '0', '0');
INSERT INTO `account` VALUES ('240', 'Rydersblade1', '9435C2B0F2C1C0614E84C38953DDC9E285F411B7', '79776BCA09CC3CC7CB31FBC083BCE3BD23402893E1635FA7B6D8799364E62F11F6D0A2A15E3B6924', '32018973B244E5E7397A5AEB0E97FDAB2F299E0216F6045EC96E832C24C5B8B8', 'BC61C33984175C61E49D2E295EEAE0BDD7FC5FB10E7600915FF3C255A0C18C89', 'Andrew_johnston17@hotmail.com', '2012-03-04 07:19:52', '123.98.134.1', '0', '0', '2012-03-05 07:22:51', '0', '2', '0', '0', '', '0', '0', '419116211', '0', '0');
INSERT INTO `account` VALUES ('241', 'Play4pie', '0C6EF3AAC0EEBC55D9059C5EA206A1E82DFA2259', '67543FE65A1661173410A971E127258851B34D3AFF73C438C7EA463161BD772267FF0C5B2822D856', '1670DC69D73CA2C2EC9E78FB1A28E535E11D385EF8342718840630B6EE20C816', 'FCCBB93CD8C614DB67B3FDA2F83ED1EE08CE653794A35AB37C4D2DFD837AB8BF', 'Cuttz815@gmail.com', '2012-03-04 07:30:20', '76.88.46.52', '0', '0', '2012-03-04 19:18:10', '0', '2', '0', '0', '', '0', '0', '203540039', '0', '0');
INSERT INTO `account` VALUES ('243', 'Svenas', 'EDE93926E9F86BA9EDA7988734C43FBCE6D1BB96', '38800DF6F83545D1A1B06C06E97D17D22835919C9177E7B605EDB8A4780CAAB319B7DD8DE73483F2', '0FD0A2CD18DFD798F969837D0CF47480FF0DD605AC67200ED8ACAC9212F5ABB6', 'E7CEFADA4489E3428283FD9BD17A099B3935BC18E85E85F5EEF94F364A54BAE3', 'Hunt3r@auto.lt', '2012-03-04 10:08:28', '212.52.38.194', '0', '0', '2012-03-04 10:15:51', '0', '2', '0', '0', '', '0', '0', '321899414', '0', '0');
INSERT INTO `account` VALUES ('242', 'Dingdapker', '821C9B102AA0C139E719FA65EDB2413E7AA97988', 'E8D8886C287A5D1B56D264A48D33ACD4B5B5963ECFF94C6C9685813E7EA34D302D5230045F19CA3F', '8071BA93405EF5686040C2869402F86375E9D33C806FB2A5A90BB26217ECF8BC', '92C09A0EAADA5BCDF93062F5EC2E0917C3225B0ADB0EF342622D54CEE3B2F06F', 'Dingdapker@gmail.com', '2012-03-04 07:40:45', '82.28.0.160', '0', '0', '2012-03-04 07:43:00', '0', '2', '0', '0', '', '0', '0', '687646485', '10', '0');
INSERT INTO `account` VALUES ('244', 'Bling', '5A6EA512302492D8DD75943EC72B3640B88B46C7', 'C5AA21BB23B4C5116B4973727978FD0228F00E481040031C1678892B9CFE989045EB9E0D6D29A3AA', '1DE3D3D0D8671184DDC0AE2DC965FFDD1214CE478C2274E65AF5F79B9B0530CB', 'D9FADF9F36F14942A693179DB34AD40BAF264FF07501EFA90A3AAE7641CA1C39', 'Bling@bling.com', '2012-03-04 14:13:47', '93.163.228.174', '0', '0', '2012-03-04 16:32:15', '0', '2', '0', '0', '', '0', '0', '394531250', '0', '0');
INSERT INTO `account` VALUES ('251', 'Lolkikpwnt', '56EDAAC1EF5CF9D531B3F64EC10E1F4F663E19CB', '4A116D4221EF0C3ACA15E06007E25F45E1D52BA58E8B778BAEA7E0FA0589CAF8FDE2A690C0AEE12E', '88DE7BC9C311B9B41861F3691108873175DE75B68B902ADB264855A18ADF119E', '8C717268458A63585218DDB8670FD532E199FD4A1039DBFD516C8EB7A0DADA83', 'Wowganker@hotmail.com', '2012-03-04 19:27:33', '99.181.146.217', '0', '0', '2012-03-04 19:31:18', '0', '2', '0', '0', '', '0', '0', '332714844', '0', '0');
INSERT INTO `account` VALUES ('245', 'OreoDoro', 'E6D63B2B8658962421FB5B404EE3A61C252F7E4F', 'A1881F351EEA128B56D011CEFB5198CC24354FC2BB833B7E19DA496839A58F8A5A447E027E76E111', '23058E689F429CC6A129D2B2F7D260D1D096D6DAF2797EDF20A466849AC2831D', 'D0457054D330B133FC82D5FE501D54F7F172122976FBB67A6E3BB7FB6E28E5D5', 'OrionDorough@ymail.com', '2012-03-04 16:31:12', '173.191.186.72', '0', '0', '2012-03-05 03:16:21', '0', '2', '0', '0', '', '0', '0', '423022461', '0', '0');
INSERT INTO `account` VALUES ('247', 'Fdpgg', '6384155F85429A6D518BE8BFB768526165F4B4D5', '078EA4AEE40D32409B5C3552417B457C85EC6678D25BB08C696F50D29A79908CA7623A86A9B808EB', '29783337A464EAAF552E2D5C2564D0B8D98C24417EDE1D3C37986D33EB8C8A4E', 'EC8DDF89C098FA8AAE02BDB74C93EEBDA8266498C72F40B4E2079D06C3A2F617', 'Zimmer.m@sfr.fr', '2012-03-04 17:39:22', '84.102.71.119', '0', '0', '2012-03-05 00:09:50', '0', '2', '0', '0', '', '0', '0', '819189454', '4', '0');
INSERT INTO `account` VALUES ('246', 'Poofit', '1E4B7988E1677B66E82BE9EB88B9785A2047A63F', '47486545A3BC0945A72E9DA12D6638E4FBD7173C7AEC8FBD7E74C9EBC07D15F773A322E7D86752FE', '51E340A361B2A5A10E3E70598F31A9C91E8EFB0F8F594CB4F4BF133B61C52385', 'F1409B71D082473437CEC60F857C94B3026057CA7B37D61061342327759EFABB', 'Efo@hotmail.se', '2012-03-04 17:33:51', '81.228.138.210', '0', '0', '2012-03-04 17:33:58', '0', '2', '0', '0', '', '0', '0', '542041016', '10', '0');
INSERT INTO `account` VALUES ('250', 'Davihonda441', '6AAFE524CD57C5C830D1EB8154A6E5DE3AD26333', '40B1DE695C1707AA7C1A2A16CF9EF03FDC57BD1E6243D6DB2774BCD7A036BF1E5F3112907E143E0B', '4135E8BD8F38F881930EE9F972ABCEC04FB8442FC3BB78302A8EA640D6C14A31', 'AA0773666D7AA15D3E0BE8BC2A540F49F56D43D188733F2AFD47A8A47F4289A9', 'Davihonda441', '2012-03-04 18:34:18', '99.178.133.146', '0', '0', '2012-03-04 18:35:14', '0', '2', '0', '0', '', '0', '0', '389794922', '0', '0');
INSERT INTO `account` VALUES ('248', 'Benwilson', 'D5E370B47FA49A2EA77CC5CE14FDEAFA03205CCC', 'ABAF880806F482B8BD0D28B8E62B3D4B080BB87DF29DA3BAEB989C3AE003E8589DA790B20C44A841', '365862131F2A3AC50E0F38BC0C3656A97ED71E64D203183CF29C774775DD6A3A', 'DCA2557045E2F151FF4AF648D9372FF93F07214F94126EA6D0E427803B6AF5C7', 'Djbentheshrimp@aol.com', '2012-03-04 17:41:49', '92.7.18.78', '0', '0', '2012-03-04 17:44:38', '0', '2', '0', '0', '', '0', '0', '748632813', '0', '0');
INSERT INTO `account` VALUES ('249', 'Msc367', 'FE29B07E6CE658B52BE7394C4B4492866756D464', '5BF13F7F669A4BC2E066231A005B627622473E515F33C69991B7AF89A7263CBE81C362E2B50F03D0', '41E5D6BACA5F384ED019C6DF62D14C02EFC4E667BC4EBFEF6FF6B2ABFF16E73A', 'C7D7BCC4CF015A2AF70A423641E9F0D30872FB10F1067578E302198DBB90E40F', 'Msc367@hotmail.com', '2012-03-04 17:47:48', '75.134.191.24', '0', '0', '2012-03-05 00:58:32', '0', '2', '0', '0', '', '0', '0', '533715820', '0', '0');
INSERT INTO `account` VALUES ('252', 'Gomeniaris2', '6F9BF4D2D310E6A9E61F476134344A50B05D3459', 'D7DF87E62E401297BB75C1DDA42AAE682B027D9DC9C8E45C74D33AB14B2D44EB489C1A93E290377D', '38E3DD3ACB33B3540E42E952D7DA5A2FE9645690D4492A9F1BA8E53C4233BCDD', '93C8F9582843068F385EDF66B127498A24497C16872AE8385804438A1406DB75', 'Giasaropedo@yahoo.gr', '2012-03-04 21:19:04', '62.74.198.180', '0', '0', '2012-03-05 08:15:53', '0', '2', '0', '0', '', '0', '0', '642260742', '0', '0');
INSERT INTO `account` VALUES ('253', 'Themaster159', '776F36A8D1BBCEC9FA9041B81292441F7B16837B', null, '45E154DFD906F3F18A25DD2A0AD73F1DA3B03DED7BED5AB0EE59D30B0A4E134F', 'C38879E567EDFB0D0826D69DCCA8B26107A9E000EA6D091F78A9232C7D6E2ED1', 'Clayman.1423@yahoo.com', '2012-03-04 22:38:23', '127.0.0.1', '0', '0', '0000-00-00 00:00:00', '0', '2', '0', '0', '', '0', '0', '251513672', '0', '0');
INSERT INTO `account` VALUES ('254', 'Michael2011', '8B5587B5A62BA2DCB704E0B03B537949B2AB17FC', '15926CA30D25B4BC8DFB840837F48D4283FCC59E3B18986DA622A203A17071EE535B6D9AF2A8504E', '4D07DDB00DC43C58F6196A0E5347A6082A751A19168BA530A1ABC780D91B5453', '9CB2D8055EA9A02B0BAB398E99852C715DE2B0B7CC77A23A9F81A7DB7245AE6D', 'Mich_cata_562@hotmail.com', '2012-03-04 23:49:11', '200.74.38.25', '0', '0', '2012-03-04 23:50:29', '0', '2', '0', '7', '', '0', '0', '838696289', '0', '0');
INSERT INTO `account` VALUES ('256', 'Irhorde', 'AC1D12D23E8805C75CFF01C298811CE746837802', 'BBBB60459A9446975F1155FBCDBEAB2E0E88A16D9FF65B6300898CEEF8FB6FD453C588C4A804106C', '4CFDA5F8FA1B5BCED59990F1A6AB857A253ED88F19A66D2A037D26A3DB315338', 'AF874D2B9E246D7530A8A2AA810804611521726635ABFA123568DAC4D587286B', 'Irhorde@gmail.com', '2012-03-05 00:32:24', '75.131.198.193', '0', '0', '2012-03-05 00:39:38', '0', '2', '0', '0', '', '0', '0', '434765625', '0', '0');
INSERT INTO `account` VALUES ('255', 'Prod', '04C4F38D908566C41A07251193D19583E60B1778', '69F9C8A3A6383FC0138E1452A4A6D84FD8E80C2D17DFAD3B92FC81575E88BCA47893719FA435A1B5', '3A5D20A907D03ABD4642724D67CB2BDCBE997058072273A8139C7ABEAA755A7C', '933FB6F6440FA6BA0787BF716DE3D7954FBA42BA1BE604093310073EAF2F5511', 'Prod363@gmail.com', '2012-03-04 23:50:50', '70.120.239.146', '0', '0', '2012-03-04 23:54:35', '0', '2', '0', '0', '', '0', '0', '891943360', '0', '0');
INSERT INTO `account` VALUES ('257', 'Warrill', 'FCE497BEB2EBE2377988EEAC8B175084139BED97', '3A441D052034F0CCD30C9D5E2AA378D5DA4E663C2A4B73EBBAE019F12E95E2E8D00651A1BD034BA0', '74A479EB7450878CD6F768303D7226625F10143FCA662C25022D3C73BB541973', 'C80FBFCFADBA2A5F2030B6A59EF57149A3C44424555C0ACDB5ADEF2A9D0AA893', 'VictorDomenech_44@hotmail.com', '2012-03-05 01:49:27', '81.203.185.98', '0', '0', '2012-03-05 01:49:33', '0', '2', '0', '0', '', '0', '0', '445849609', '0', '0');
INSERT INTO `account` VALUES ('258', 'Lolguy2', '684544857AD4566E8C6352FB427E73A76C14650D', null, '5BA1A1CF1AB7DA2A579D6318AC45B38DB21EFF66EE64FD2C8EF6808574861EA9', '830CDF912190F5B9F6C456A50E882558084A73C697C4B5AFBE2FA59934C8CC11', 'Louielovallo@YAHoo.com', '2012-03-05 09:27:52', '127.0.0.1', '0', '0', '0000-00-00 00:00:00', '0', '2', '0', '0', '', '0', '0', '573583984', '0', '0');
INSERT INTO `account` VALUES ('259', 'Lolguy', 'FF4FA4C95351797949DBACFBE39153182BE22A3A', '345CBD11897E8F9932A3FC7B77E5586834D689DE550315DB538FA5DC018F95B5BB6748F005AAA8E1', '40CD8519BDC58C94DF69034E72138A9F15CBD7CA630EB5713B08F943934D1F9B', '8CE92F2BBB001C0AC34A6B13F519704F23E205340A21F5635D0823875A55023F', 'Louiilovallo@yahoo.com', '2012-03-05 09:31:36', '76.180.157.155', '0', '0', '2012-03-05 09:31:47', '0', '2', '0', '0', '', '0', '0', '857275391', '0', '0');

-- ----------------------------
-- Table structure for `account_access`
-- ----------------------------
DROP TABLE IF EXISTS `account_access`;
CREATE TABLE `account_access` (
  `id` int(11) unsigned NOT NULL,
  `gmlevel` tinyint(3) unsigned NOT NULL,
  `RealmID` int(11) NOT NULL DEFAULT '-1',
  PRIMARY KEY (`id`,`RealmID`)
) ENGINE=MyISAM DEFAULT CHARSET=utf8 ROW_FORMAT=DYNAMIC;

-- ----------------------------
-- Records of account_access
-- ----------------------------
INSERT INTO `account_access` VALUES ('5', '16', '-1');
INSERT INTO `account_access` VALUES ('6', '5', '-1');
INSERT INTO `account_access` VALUES ('7', '16', '-1');
INSERT INTO `account_access` VALUES ('9', '1', '-1');
INSERT INTO `account_access` VALUES ('10', '16', '-1');
INSERT INTO `account_access` VALUES ('14', '5', '-1');
INSERT INTO `account_access` VALUES ('11', '5', '-1');
INSERT INTO `account_access` VALUES ('89', '13', '-1');

-- ----------------------------
-- Table structure for `account_banned`
-- ----------------------------
DROP TABLE IF EXISTS `account_banned`;
CREATE TABLE `account_banned` (
  `id` int(11) NOT NULL DEFAULT '0' COMMENT 'Account id',
  `bandate` bigint(40) NOT NULL DEFAULT '0',
  `unbandate` bigint(40) NOT NULL DEFAULT '0',
  `bannedby` varchar(50) NOT NULL,
  `banreason` varchar(255) NOT NULL,
  `active` tinyint(4) NOT NULL DEFAULT '1',
  PRIMARY KEY (`id`,`bandate`)
) ENGINE=MyISAM DEFAULT CHARSET=utf8 ROW_FORMAT=DYNAMIC COMMENT='Ban List';

-- ----------------------------
-- Records of account_banned
-- ----------------------------
INSERT INTO `account_banned` VALUES ('182', '1330278179', '1330278179', 'Stabyoass', 'hacking', '1');

-- ----------------------------
-- Table structure for `ip_banned`
-- ----------------------------
DROP TABLE IF EXISTS `ip_banned`;
CREATE TABLE `ip_banned` (
  `ip` varchar(32) NOT NULL DEFAULT '127.0.0.1',
  `bandate` bigint(40) NOT NULL,
  `unbandate` bigint(40) NOT NULL,
  `bannedby` varchar(50) NOT NULL DEFAULT '[Console]',
  `banreason` varchar(255) NOT NULL DEFAULT 'no reason',
  PRIMARY KEY (`ip`,`bandate`)
) ENGINE=MyISAM DEFAULT CHARSET=utf8 ROW_FORMAT=DYNAMIC COMMENT='Banned IPs';

-- ----------------------------
-- Records of ip_banned
-- ----------------------------
INSERT INTO `ip_banned` VALUES ('75.171.97.7', '1330278211', '1330278211', 'Stabyoass', 'hacking');
INSERT INTO `ip_banned` VALUES ('72.185.231.43', '1330278435', '1330278435', 'Stabyoass', 'hacing');

-- ----------------------------
-- Table structure for `logs`
-- ----------------------------
DROP TABLE IF EXISTS `logs`;
CREATE TABLE `logs` (
  `time` int(14) NOT NULL,
  `realm` int(4) NOT NULL,
  `type` int(4) NOT NULL,
  `string` text
) ENGINE=MyISAM DEFAULT CHARSET=latin1;

-- ----------------------------
-- Records of logs
-- ----------------------------

-- ----------------------------
-- Table structure for `realmcharacters`
-- ----------------------------
DROP TABLE IF EXISTS `realmcharacters`;
CREATE TABLE `realmcharacters` (
  `realmid` int(11) unsigned NOT NULL DEFAULT '0',
  `acctid` bigint(20) unsigned NOT NULL,
  `numchars` tinyint(3) unsigned NOT NULL DEFAULT '0',
  PRIMARY KEY (`realmid`,`acctid`),
  KEY `acctid` (`acctid`)
) ENGINE=MyISAM DEFAULT CHARSET=utf8 ROW_FORMAT=DYNAMIC COMMENT='Realm Character Tracker';

-- ----------------------------
-- Records of realmcharacters
-- ----------------------------
INSERT INTO `realmcharacters` VALUES ('1', '5', '6');
INSERT INTO `realmcharacters` VALUES ('1', '6', '5');
INSERT INTO `realmcharacters` VALUES ('1', '8', '1');
INSERT INTO `realmcharacters` VALUES ('1', '14', '1');
INSERT INTO `realmcharacters` VALUES ('1', '11', '2');
INSERT INTO `realmcharacters` VALUES ('1', '7', '6');
INSERT INTO `realmcharacters` VALUES ('1', '10', '2');
INSERT INTO `realmcharacters` VALUES ('1', '25', '2');
INSERT INTO `realmcharacters` VALUES ('1', '33', '3');
INSERT INTO `realmcharacters` VALUES ('1', '34', '4');
INSERT INTO `realmcharacters` VALUES ('1', '26', '3');
INSERT INTO `realmcharacters` VALUES ('1', '28', '2');
INSERT INTO `realmcharacters` VALUES ('1', '13', '4');
INSERT INTO `realmcharacters` VALUES ('1', '15', '2');
INSERT INTO `realmcharacters` VALUES ('1', '18', '10');
INSERT INTO `realmcharacters` VALUES ('1', '37', '10');
INSERT INTO `realmcharacters` VALUES ('1', '35', '1');
INSERT INTO `realmcharacters` VALUES ('1', '38', '3');
INSERT INTO `realmcharacters` VALUES ('1', '39', '1');
INSERT INTO `realmcharacters` VALUES ('1', '19', '1');
INSERT INTO `realmcharacters` VALUES ('1', '23', '2');
INSERT INTO `realmcharacters` VALUES ('1', '17', '7');
INSERT INTO `realmcharacters` VALUES ('1', '44', '4');
INSERT INTO `realmcharacters` VALUES ('1', '41', '5');
INSERT INTO `realmcharacters` VALUES ('1', '45', '1');
INSERT INTO `realmcharacters` VALUES ('1', '46', '1');
INSERT INTO `realmcharacters` VALUES ('1', '48', '1');
INSERT INTO `realmcharacters` VALUES ('1', '49', '1');
INSERT INTO `realmcharacters` VALUES ('1', '47', '2');
INSERT INTO `realmcharacters` VALUES ('1', '50', '2');
INSERT INTO `realmcharacters` VALUES ('1', '51', '8');
INSERT INTO `realmcharacters` VALUES ('1', '52', '4');
INSERT INTO `realmcharacters` VALUES ('1', '54', '1');
INSERT INTO `realmcharacters` VALUES ('1', '53', '1');
INSERT INTO `realmcharacters` VALUES ('1', '55', '1');
INSERT INTO `realmcharacters` VALUES ('1', '21', '1');
INSERT INTO `realmcharacters` VALUES ('1', '56', '2');
INSERT INTO `realmcharacters` VALUES ('1', '57', '3');
INSERT INTO `realmcharacters` VALUES ('1', '40', '2');
INSERT INTO `realmcharacters` VALUES ('1', '59', '1');
INSERT INTO `realmcharacters` VALUES ('1', '60', '1');
INSERT INTO `realmcharacters` VALUES ('1', '61', '1');
INSERT INTO `realmcharacters` VALUES ('1', '62', '1');
INSERT INTO `realmcharacters` VALUES ('1', '63', '5');
INSERT INTO `realmcharacters` VALUES ('1', '64', '1');
INSERT INTO `realmcharacters` VALUES ('1', '65', '2');
INSERT INTO `realmcharacters` VALUES ('1', '66', '4');
INSERT INTO `realmcharacters` VALUES ('1', '67', '1');
INSERT INTO `realmcharacters` VALUES ('1', '68', '6');
INSERT INTO `realmcharacters` VALUES ('1', '43', '8');
INSERT INTO `realmcharacters` VALUES ('1', '69', '10');
INSERT INTO `realmcharacters` VALUES ('1', '70', '1');
INSERT INTO `realmcharacters` VALUES ('1', '72', '2');
INSERT INTO `realmcharacters` VALUES ('1', '74', '2');
INSERT INTO `realmcharacters` VALUES ('1', '73', '4');
INSERT INTO `realmcharacters` VALUES ('1', '75', '1');
INSERT INTO `realmcharacters` VALUES ('1', '76', '1');
INSERT INTO `realmcharacters` VALUES ('1', '77', '1');
INSERT INTO `realmcharacters` VALUES ('1', '78', '1');
INSERT INTO `realmcharacters` VALUES ('1', '79', '4');
INSERT INTO `realmcharacters` VALUES ('1', '80', '1');
INSERT INTO `realmcharacters` VALUES ('1', '81', '2');
INSERT INTO `realmcharacters` VALUES ('1', '82', '1');
INSERT INTO `realmcharacters` VALUES ('1', '58', '1');
INSERT INTO `realmcharacters` VALUES ('1', '84', '1');
INSERT INTO `realmcharacters` VALUES ('1', '16', '1');
INSERT INTO `realmcharacters` VALUES ('1', '86', '1');
INSERT INTO `realmcharacters` VALUES ('1', '87', '4');
INSERT INTO `realmcharacters` VALUES ('1', '88', '1');
INSERT INTO `realmcharacters` VALUES ('1', '89', '3');
INSERT INTO `realmcharacters` VALUES ('1', '90', '5');
INSERT INTO `realmcharacters` VALUES ('1', '91', '1');
INSERT INTO `realmcharacters` VALUES ('1', '92', '3');
INSERT INTO `realmcharacters` VALUES ('1', '94', '1');
INSERT INTO `realmcharacters` VALUES ('1', '95', '1');
INSERT INTO `realmcharacters` VALUES ('1', '97', '2');
INSERT INTO `realmcharacters` VALUES ('1', '98', '2');
INSERT INTO `realmcharacters` VALUES ('1', '99', '3');
INSERT INTO `realmcharacters` VALUES ('1', '100', '2');
INSERT INTO `realmcharacters` VALUES ('1', '101', '1');
INSERT INTO `realmcharacters` VALUES ('1', '102', '9');
INSERT INTO `realmcharacters` VALUES ('1', '96', '4');
INSERT INTO `realmcharacters` VALUES ('1', '103', '1');
INSERT INTO `realmcharacters` VALUES ('1', '105', '2');
INSERT INTO `realmcharacters` VALUES ('1', '104', '4');
INSERT INTO `realmcharacters` VALUES ('1', '106', '1');
INSERT INTO `realmcharacters` VALUES ('1', '108', '1');
INSERT INTO `realmcharacters` VALUES ('1', '109', '3');
INSERT INTO `realmcharacters` VALUES ('1', '110', '1');
INSERT INTO `realmcharacters` VALUES ('1', '112', '1');
INSERT INTO `realmcharacters` VALUES ('1', '113', '1');
INSERT INTO `realmcharacters` VALUES ('1', '115', '3');
INSERT INTO `realmcharacters` VALUES ('1', '116', '1');
INSERT INTO `realmcharacters` VALUES ('1', '117', '2');
INSERT INTO `realmcharacters` VALUES ('1', '114', '1');
INSERT INTO `realmcharacters` VALUES ('1', '118', '1');
INSERT INTO `realmcharacters` VALUES ('1', '119', '10');
INSERT INTO `realmcharacters` VALUES ('1', '120', '1');
INSERT INTO `realmcharacters` VALUES ('1', '121', '1');
INSERT INTO `realmcharacters` VALUES ('1', '107', '3');
INSERT INTO `realmcharacters` VALUES ('1', '122', '1');
INSERT INTO `realmcharacters` VALUES ('1', '123', '2');
INSERT INTO `realmcharacters` VALUES ('1', '29', '1');
INSERT INTO `realmcharacters` VALUES ('1', '124', '1');
INSERT INTO `realmcharacters` VALUES ('1', '126', '1');
INSERT INTO `realmcharacters` VALUES ('1', '127', '1');
INSERT INTO `realmcharacters` VALUES ('1', '128', '1');
INSERT INTO `realmcharacters` VALUES ('1', '129', '1');
INSERT INTO `realmcharacters` VALUES ('1', '125', '9');
INSERT INTO `realmcharacters` VALUES ('1', '130', '1');
INSERT INTO `realmcharacters` VALUES ('1', '131', '2');
INSERT INTO `realmcharacters` VALUES ('1', '132', '1');
INSERT INTO `realmcharacters` VALUES ('1', '133', '1');
INSERT INTO `realmcharacters` VALUES ('1', '134', '1');
INSERT INTO `realmcharacters` VALUES ('1', '135', '1');
INSERT INTO `realmcharacters` VALUES ('1', '136', '1');
INSERT INTO `realmcharacters` VALUES ('1', '137', '4');
INSERT INTO `realmcharacters` VALUES ('1', '138', '1');
INSERT INTO `realmcharacters` VALUES ('1', '139', '9');
INSERT INTO `realmcharacters` VALUES ('1', '140', '1');
INSERT INTO `realmcharacters` VALUES ('1', '141', '7');
INSERT INTO `realmcharacters` VALUES ('1', '142', '2');
INSERT INTO `realmcharacters` VALUES ('1', '144', '1');
INSERT INTO `realmcharacters` VALUES ('1', '145', '3');
INSERT INTO `realmcharacters` VALUES ('1', '146', '1');
INSERT INTO `realmcharacters` VALUES ('1', '148', '1');
INSERT INTO `realmcharacters` VALUES ('1', '147', '2');
INSERT INTO `realmcharacters` VALUES ('1', '143', '1');
INSERT INTO `realmcharacters` VALUES ('1', '149', '1');
INSERT INTO `realmcharacters` VALUES ('2', '89', '2');
INSERT INTO `realmcharacters` VALUES ('2', '143', '1');
INSERT INTO `realmcharacters` VALUES ('1', '150', '1');
INSERT INTO `realmcharacters` VALUES ('1', '151', '1');
INSERT INTO `realmcharacters` VALUES ('1', '152', '3');
INSERT INTO `realmcharacters` VALUES ('1', '153', '1');
INSERT INTO `realmcharacters` VALUES ('1', '154', '1');
INSERT INTO `realmcharacters` VALUES ('1', '155', '2');
INSERT INTO `realmcharacters` VALUES ('1', '156', '1');
INSERT INTO `realmcharacters` VALUES ('1', '157', '1');
INSERT INTO `realmcharacters` VALUES ('1', '159', '1');
INSERT INTO `realmcharacters` VALUES ('1', '160', '1');
INSERT INTO `realmcharacters` VALUES ('1', '161', '1');
INSERT INTO `realmcharacters` VALUES ('1', '162', '1');
INSERT INTO `realmcharacters` VALUES ('1', '163', '1');
INSERT INTO `realmcharacters` VALUES ('1', '164', '1');
INSERT INTO `realmcharacters` VALUES ('1', '166', '7');
INSERT INTO `realmcharacters` VALUES ('1', '167', '1');
INSERT INTO `realmcharacters` VALUES ('1', '168', '2');
INSERT INTO `realmcharacters` VALUES ('1', '169', '2');
INSERT INTO `realmcharacters` VALUES ('1', '170', '2');
INSERT INTO `realmcharacters` VALUES ('1', '171', '1');
INSERT INTO `realmcharacters` VALUES ('1', '173', '1');
INSERT INTO `realmcharacters` VALUES ('1', '174', '1');
INSERT INTO `realmcharacters` VALUES ('1', '175', '1');
INSERT INTO `realmcharacters` VALUES ('1', '176', '4');
INSERT INTO `realmcharacters` VALUES ('2', '5', '5');
INSERT INTO `realmcharacters` VALUES ('1', '177', '2');
INSERT INTO `realmcharacters` VALUES ('2', '177', '1');
INSERT INTO `realmcharacters` VALUES ('2', '6', '1');
INSERT INTO `realmcharacters` VALUES ('2', '115', '1');
INSERT INTO `realmcharacters` VALUES ('1', '179', '2');
INSERT INTO `realmcharacters` VALUES ('2', '175', '1');
INSERT INTO `realmcharacters` VALUES ('1', '180', '1');
INSERT INTO `realmcharacters` VALUES ('1', '181', '1');
INSERT INTO `realmcharacters` VALUES ('2', '181', '1');
INSERT INTO `realmcharacters` VALUES ('2', '119', '1');
INSERT INTO `realmcharacters` VALUES ('1', '185', '3');
INSERT INTO `realmcharacters` VALUES ('1', '184', '4');
INSERT INTO `realmcharacters` VALUES ('1', '178', '2');
INSERT INTO `realmcharacters` VALUES ('1', '188', '1');
INSERT INTO `realmcharacters` VALUES ('1', '187', '1');
INSERT INTO `realmcharacters` VALUES ('2', '152', '1');
INSERT INTO `realmcharacters` VALUES ('2', '189', '1');
INSERT INTO `realmcharacters` VALUES ('1', '186', '1');
INSERT INTO `realmcharacters` VALUES ('2', '102', '4');
INSERT INTO `realmcharacters` VALUES ('3', '89', '2');
INSERT INTO `realmcharacters` VALUES ('1', '190', '1');
INSERT INTO `realmcharacters` VALUES ('2', '191', '1');
INSERT INTO `realmcharacters` VALUES ('1', '191', '1');
INSERT INTO `realmcharacters` VALUES ('2', '13', '1');
INSERT INTO `realmcharacters` VALUES ('2', '176', '1');
INSERT INTO `realmcharacters` VALUES ('1', '192', '1');
INSERT INTO `realmcharacters` VALUES ('2', '194', '1');
INSERT INTO `realmcharacters` VALUES ('1', '195', '1');
INSERT INTO `realmcharacters` VALUES ('1', '196', '1');
INSERT INTO `realmcharacters` VALUES ('1', '197', '1');
INSERT INTO `realmcharacters` VALUES ('2', '198', '1');
INSERT INTO `realmcharacters` VALUES ('2', '179', '1');
INSERT INTO `realmcharacters` VALUES ('2', '137', '1');
INSERT INTO `realmcharacters` VALUES ('1', '199', '1');
INSERT INTO `realmcharacters` VALUES ('2', '186', '1');
INSERT INTO `realmcharacters` VALUES ('1', '200', '1');
INSERT INTO `realmcharacters` VALUES ('2', '202', '1');
INSERT INTO `realmcharacters` VALUES ('1', '203', '1');
INSERT INTO `realmcharacters` VALUES ('2', '204', '1');
INSERT INTO `realmcharacters` VALUES ('2', '205', '1');
INSERT INTO `realmcharacters` VALUES ('1', '206', '1');
INSERT INTO `realmcharacters` VALUES ('2', '207', '1');
INSERT INTO `realmcharacters` VALUES ('1', '207', '1');
INSERT INTO `realmcharacters` VALUES ('2', '208', '1');
INSERT INTO `realmcharacters` VALUES ('1', '209', '1');
INSERT INTO `realmcharacters` VALUES ('2', '209', '1');
INSERT INTO `realmcharacters` VALUES ('1', '213', '1');
INSERT INTO `realmcharacters` VALUES ('1', '214', '1');
INSERT INTO `realmcharacters` VALUES ('1', '215', '1');
INSERT INTO `realmcharacters` VALUES ('1', '216', '2');
INSERT INTO `realmcharacters` VALUES ('1', '217', '1');
INSERT INTO `realmcharacters` VALUES ('1', '189', '2');
INSERT INTO `realmcharacters` VALUES ('1', '218', '2');
INSERT INTO `realmcharacters` VALUES ('1', '219', '1');
INSERT INTO `realmcharacters` VALUES ('2', '219', '1');
INSERT INTO `realmcharacters` VALUES ('1', '220', '2');
INSERT INTO `realmcharacters` VALUES ('1', '222', '1');
INSERT INTO `realmcharacters` VALUES ('1', '223', '1');
INSERT INTO `realmcharacters` VALUES ('2', '220', '1');
INSERT INTO `realmcharacters` VALUES ('2', '225', '1');
INSERT INTO `realmcharacters` VALUES ('2', '226', '1');
INSERT INTO `realmcharacters` VALUES ('1', '227', '1');
INSERT INTO `realmcharacters` VALUES ('1', '228', '1');
INSERT INTO `realmcharacters` VALUES ('1', '229', '1');
INSERT INTO `realmcharacters` VALUES ('1', '230', '7');
INSERT INTO `realmcharacters` VALUES ('1', '231', '2');
INSERT INTO `realmcharacters` VALUES ('1', '232', '1');
INSERT INTO `realmcharacters` VALUES ('1', '233', '1');
INSERT INTO `realmcharacters` VALUES ('2', '235', '1');
INSERT INTO `realmcharacters` VALUES ('1', '237', '1');
INSERT INTO `realmcharacters` VALUES ('1', '238', '1');
INSERT INTO `realmcharacters` VALUES ('1', '239', '1');
INSERT INTO `realmcharacters` VALUES ('1', '240', '5');
INSERT INTO `realmcharacters` VALUES ('1', '241', '2');
INSERT INTO `realmcharacters` VALUES ('1', '242', '1');
INSERT INTO `realmcharacters` VALUES ('1', '243', '1');
INSERT INTO `realmcharacters` VALUES ('1', '244', '3');
INSERT INTO `realmcharacters` VALUES ('1', '245', '1');
INSERT INTO `realmcharacters` VALUES ('1', '246', '4');
INSERT INTO `realmcharacters` VALUES ('2', '247', '1');
INSERT INTO `realmcharacters` VALUES ('1', '248', '1');
INSERT INTO `realmcharacters` VALUES ('1', '247', '1');
INSERT INTO `realmcharacters` VALUES ('1', '249', '2');
INSERT INTO `realmcharacters` VALUES ('2', '248', '1');
INSERT INTO `realmcharacters` VALUES ('1', '250', '1');
INSERT INTO `realmcharacters` VALUES ('2', '251', '1');
INSERT INTO `realmcharacters` VALUES ('1', '251', '1');
INSERT INTO `realmcharacters` VALUES ('1', '252', '3');
INSERT INTO `realmcharacters` VALUES ('1', '254', '1');
INSERT INTO `realmcharacters` VALUES ('1', '255', '1');
INSERT INTO `realmcharacters` VALUES ('2', '116', '1');
INSERT INTO `realmcharacters` VALUES ('1', '256', '1');
INSERT INTO `realmcharacters` VALUES ('1', '257', '1');
INSERT INTO `realmcharacters` VALUES ('1', '259', '1');

-- ----------------------------
-- Table structure for `realmlist`
-- ----------------------------
DROP TABLE IF EXISTS `realmlist`;
CREATE TABLE `realmlist` (
  `id` int(11) unsigned NOT NULL AUTO_INCREMENT,
  `name` varchar(32) NOT NULL DEFAULT '',
  `address` varchar(32) NOT NULL DEFAULT '127.0.0.1',
  `port` int(11) NOT NULL DEFAULT '8085',
  `icon` tinyint(3) unsigned NOT NULL DEFAULT '0',
  `color` tinyint(3) unsigned NOT NULL DEFAULT '2',
  `timezone` tinyint(3) unsigned NOT NULL DEFAULT '0',
  `allowedSecurityLevel` tinyint(3) unsigned NOT NULL DEFAULT '0',
  `population` float unsigned NOT NULL DEFAULT '0',
  `gamebuild` int(11) unsigned NOT NULL DEFAULT '12340',
  PRIMARY KEY (`id`),
  UNIQUE KEY `idx_name` (`name`)
) ENGINE=MyISAM AUTO_INCREMENT=4 DEFAULT CHARSET=utf8 ROW_FORMAT=DYNAMIC COMMENT='Realm System';

-- ----------------------------
-- Records of realmlist
-- ----------------------------
INSERT INTO `realmlist` VALUES ('1', 'Total Twink Insanity', 'www.totaltwinkinsanity.com', '8085', '0', '1', '1', '0', '0', '12340');
INSERT INTO `realmlist` VALUES ('2', 'Midrate', 'www.totaltwinkinsanity.com', '8086', '0', '2', '8', '0', '0', '12340');
INSERT INTO `realmlist` VALUES ('3', 'Twink Development Realm', 'www.totaltwinkinsanity.com', '8087', '0', '2', '1', '13', '0', '12340');

-- ----------------------------
-- Table structure for `uptime`
-- ----------------------------
DROP TABLE IF EXISTS `uptime`;
CREATE TABLE `uptime` (
  `realmid` int(11) unsigned NOT NULL,
  `starttime` bigint(20) unsigned NOT NULL DEFAULT '0',
  `startstring` varchar(64) NOT NULL DEFAULT '',
  `uptime` bigint(20) unsigned NOT NULL DEFAULT '0',
  `maxplayers` smallint(5) unsigned NOT NULL DEFAULT '0',
  `revision` varchar(255) NOT NULL DEFAULT 'Trinitycore',
  PRIMARY KEY (`realmid`,`starttime`)
) ENGINE=MyISAM DEFAULT CHARSET=utf8 ROW_FORMAT=DYNAMIC COMMENT='Uptime system';

-- ----------------------------
-- Records of uptime
-- ----------------------------
INSERT INTO `uptime` VALUES ('1', '1328608667', '2012-02-07 09:57:47', '0', '0', 'TrinityCore rev. 0000-00-00 00:00:00 +0000 (Archived) (Win32, Release)');
INSERT INTO `uptime` VALUES ('1', '1328608831', '2012-02-07 10:00:31', '0', '0', 'TrinityCore rev. 0000-00-00 00:00:00 +0000 (Archived) (Win32, Release)');
INSERT INTO `uptime` VALUES ('1', '1328608951', '2012-02-07 10:02:31', '0', '0', 'TrinityCore rev. 0000-00-00 00:00:00 +0000 (Archived) (Win32, Release)');
INSERT INTO `uptime` VALUES ('1', '1328609452', '2012-02-07 10:10:52', '0', '0', 'TrinityCore rev. 0000-00-00 00:00:00 +0000 (Archived) (Win32, Release)');
INSERT INTO `uptime` VALUES ('1', '1328617693', '2012-02-07 12:28:13', '0', '0', 'TrinityCore rev. 0000-00-00 00:00:00 +0000 (Archived) (Win32, Release)');
INSERT INTO `uptime` VALUES ('1', '1328617824', '2012-02-07 12:30:24', '6600', '1', 'TrinityCore rev. 0000-00-00 00:00:00 +0000 (Archived) (Win32, Release)');
INSERT INTO `uptime` VALUES ('1', '1328625023', '2012-02-07 14:30:23', '3006', '2', 'TrinityCore rev. 0000-00-00 00:00:00 +0000 (Archived) (Win32, Release)');
INSERT INTO `uptime` VALUES ('1', '1328628061', '2012-02-07 15:21:01', '2401', '1', 'TrinityCore rev. 0000-00-00 00:00:00 +0000 (Archived) (Win32, Release)');
INSERT INTO `uptime` VALUES ('1', '1328630584', '2012-02-07 16:03:04', '1200', '1', 'TrinityCore rev. 0000-00-00 00:00:00 +0000 (Archived) (Win32, Release)');
INSERT INTO `uptime` VALUES ('1', '1328631939', '2012-02-07 16:25:39', '26400', '0', 'TrinityCore rev. 0000-00-00 00:00:00 +0000 (Archived) (Win32, Release)');
INSERT INTO `uptime` VALUES ('1', '1328658872', '2012-02-07 23:54:32', '41412', '2', 'TrinityCore rev. 0000-00-00 00:00:00 +0000 (Archived) (Win32, Release)');
INSERT INTO `uptime` VALUES ('1', '1328700505', '2012-02-08 11:28:25', '100239', '2', 'TrinityCore rev. 0000-00-00 00:00:00 +0000 (Archived) (Win32, Release)');
INSERT INTO `uptime` VALUES ('1', '1328801380', '2012-02-09 15:29:40', '0', '0', 'TrinityCore rev. 0000-00-00 00:00:00 +0000 (Archived) (Win32, Release)');
INSERT INTO `uptime` VALUES ('1', '1328801855', '2012-02-09 15:37:35', '25201', '5', 'TrinityCore rev. 0000-00-00 00:00:00 +0000 (Archived) (Win32, Release)');
INSERT INTO `uptime` VALUES ('1', '1328827489', '2012-02-09 22:44:49', '49200', '2', 'TrinityCore rev. 0000-00-00 00:00:00 +0000 (Archived) (Win32, Release)');
INSERT INTO `uptime` VALUES ('1', '1328876784', '2012-02-10 12:26:24', '15607', '2', 'TrinityCore rev. 0000-00-00 00:00:00 +0000 (Archived) (Win32, Release)');
INSERT INTO `uptime` VALUES ('1', '1328892708', '2012-02-10 16:51:48', '61800', '2', 'TrinityCore rev. 0000-00-00 00:00:00 +0000 (Archived) (Win32, Release)');
INSERT INTO `uptime` VALUES ('1', '1328954818', '2012-02-11 10:06:58', '0', '0', 'TrinityCore rev. 0000-00-00 00:00:00 +0000 (Archived) (Win32, Release)');
INSERT INTO `uptime` VALUES ('1', '1328954909', '2012-02-11 10:08:29', '0', '0', 'TrinityCore rev. 0000-00-00 00:00:00 +0000 (Archived) (Win32, Release)');
INSERT INTO `uptime` VALUES ('1', '1328955423', '2012-02-11 10:17:03', '1201', '1', 'TrinityCore rev. 0000-00-00 00:00:00 +0000 (Archived) (Win32, Release)');
INSERT INTO `uptime` VALUES ('1', '1328956774', '2012-02-11 10:39:34', '609', '2', 'TrinityCore rev. 0000-00-00 00:00:00 +0000 (Archived) (Win32, Release)');
INSERT INTO `uptime` VALUES ('1', '1328957424', '2012-02-11 10:50:24', '12601', '5', 'TrinityCore rev. 0000-00-00 00:00:00 +0000 (Archived) (Win32, Release)');
INSERT INTO `uptime` VALUES ('1', '1328970209', '2012-02-11 14:23:29', '0', '0', 'TrinityCore rev. 0000-00-00 00:00:00 +0000 (Archived) (Win32, Release)');
INSERT INTO `uptime` VALUES ('1', '1328970759', '2012-02-11 14:32:39', '0', '0', 'TrinityCore rev. 0000-00-00 00:00:00 +0000 (Archived) (Win32, Release)');
INSERT INTO `uptime` VALUES ('1', '1328971060', '2012-02-11 14:37:40', '0', '0', 'TrinityCore rev. 0000-00-00 00:00:00 +0000 (Archived) (Win32, Release)');
INSERT INTO `uptime` VALUES ('1', '1328971532', '2012-02-11 14:45:32', '0', '0', 'TrinityCore rev. 0000-00-00 00:00:00 +0000 (Archived) (Win32, Release)');
INSERT INTO `uptime` VALUES ('1', '1328971577', '2012-02-11 14:46:17', '0', '0', 'TrinityCore rev. 0000-00-00 00:00:00 +0000 (Archived) (Win32, Release)');
INSERT INTO `uptime` VALUES ('1', '1328971704', '2012-02-11 14:48:24', '3000', '3', 'TrinityCore rev. 0000-00-00 00:00:00 +0000 (Archived) (Win32, Release)');
INSERT INTO `uptime` VALUES ('1', '1328975131', '2012-02-11 15:45:31', '600', '2', 'TrinityCore rev. 0000-00-00 00:00:00 +0000 (Archived) (Win32, Release)');
INSERT INTO `uptime` VALUES ('1', '1328976178', '2012-02-11 16:02:58', '601', '3', 'TrinityCore rev. 0000-00-00 00:00:00 +0000 (Archived) (Win32, Release)');
INSERT INTO `uptime` VALUES ('1', '1328977215', '2012-02-11 16:20:15', '600', '2', 'TrinityCore rev. 0000-00-00 00:00:00 +0000 (Archived) (Win32, Release)');
INSERT INTO `uptime` VALUES ('1', '1328978057', '2012-02-11 16:34:17', '0', '0', 'TrinityCore rev. 0000-00-00 00:00:00 +0000 (Archived) (Win32, Release)');
INSERT INTO `uptime` VALUES ('1', '1328978220', '2012-02-11 16:37:00', '601', '2', 'TrinityCore rev. 0000-00-00 00:00:00 +0000 (Archived) (Win32, Release)');
INSERT INTO `uptime` VALUES ('1', '1328978920', '2012-02-11 16:48:40', '3600', '2', 'TrinityCore rev. 0000-00-00 00:00:00 +0000 (Archived) (Win32, Release)');
INSERT INTO `uptime` VALUES ('1', '1328982626', '2012-02-11 17:50:26', '16200', '2', 'TrinityCore rev. 0000-00-00 00:00:00 +0000 (Archived) (Win32, Release)');
INSERT INTO `uptime` VALUES ('1', '1328999237', '2012-02-11 22:27:17', '40213', '0', 'TrinityCore rev. 0000-00-00 00:00:00 +0000 (Archived) (Win32, Release)');
INSERT INTO `uptime` VALUES ('1', '1329039832', '2012-02-12 09:43:52', '0', '0', 'TrinityCore rev. 0000-00-00 00:00:00 +0000 (Archived) (Win32, Release)');
INSERT INTO `uptime` VALUES ('1', '1329040338', '2012-02-12 09:52:18', '0', '0', 'TrinityCore rev. 0000-00-00 00:00:00 +0000 (Archived) (Win32, Release)');
INSERT INTO `uptime` VALUES ('1', '1329040624', '2012-02-12 09:57:04', '0', '0', 'TrinityCore rev. 0000-00-00 00:00:00 +0000 (Archived) (Win32, Release)');
INSERT INTO `uptime` VALUES ('1', '1329040799', '2012-02-12 09:59:59', '0', '0', 'TrinityCore rev. 0000-00-00 00:00:00 +0000 (Archived) (Win32, Release)');
INSERT INTO `uptime` VALUES ('1', '1329040990', '2012-02-12 10:03:10', '9000', '2', 'TrinityCore rev. 0000-00-00 00:00:00 +0000 (Archived) (Win32, Release)');
INSERT INTO `uptime` VALUES ('1', '1329050187', '2012-02-12 12:36:27', '0', '0', 'TrinityCore rev. 0000-00-00 00:00:00 +0000 (Archived) (Win32, Release)');
INSERT INTO `uptime` VALUES ('1', '1329050260', '2012-02-12 12:37:40', '7200', '9', 'TrinityCore rev. 0000-00-00 00:00:00 +0000 (Archived) (Win32, Release)');
INSERT INTO `uptime` VALUES ('1', '1329057787', '2012-02-12 14:43:07', '69001', '11', 'TrinityCore rev. 0000-00-00 00:00:00 +0000 (Archived) (Win32, Release)');
INSERT INTO `uptime` VALUES ('1', '1329127177', '2012-02-13 09:59:37', '21000', '6', 'TrinityCore rev. 0000-00-00 00:00:00 +0000 (Archived) (Win32, Release)');
INSERT INTO `uptime` VALUES ('1', '1329148591', '2012-02-13 15:56:31', '96600', '9', 'TrinityCore rev. 0000-00-00 00:00:00 +0000 (Archived) (Win32, Release)');
INSERT INTO `uptime` VALUES ('1', '1329245638', '2012-02-14 18:53:58', '69612', '11', 'TrinityCore rev. 0000-00-00 00:00:00 +0000 (Archived) (Win32, Release)');
INSERT INTO `uptime` VALUES ('1', '1329315855', '2012-02-15 14:24:15', '95407', '8', 'TrinityCore rev. 0000-00-00 00:00:00 +0000 (Archived) (Win32, Release)');
INSERT INTO `uptime` VALUES ('1', '1329411689', '2012-02-16 17:01:29', '0', '0', 'TrinityCore rev. 0000-00-00 00:00:00 +0000 (Archived) (Win32, Release)');
INSERT INTO `uptime` VALUES ('1', '1329411899', '2012-02-16 17:04:59', '0', '0', 'TrinityCore rev. 0000-00-00 00:00:00 +0000 (Archived) (Win32, Release)');
INSERT INTO `uptime` VALUES ('1', '1329412508', '2012-02-16 17:15:08', '0', '0', 'TrinityCore rev. 0000-00-00 00:00:00 +0000 (Archived) (Win32, Release)');
INSERT INTO `uptime` VALUES ('1', '1329412863', '2012-02-16 17:21:03', '78601', '6', 'TrinityCore rev. 0000-00-00 00:00:00 +0000 (Archived) (Win32, Release)');
INSERT INTO `uptime` VALUES ('1', '1329492132', '2012-02-17 15:22:12', '604', '0', 'TrinityCore rev. 0000-00-00 00:00:00 +0000 (Archived) (Win32, Release)');
INSERT INTO `uptime` VALUES ('1', '1329519525', '2012-02-17 22:58:45', '0', '0', 'TrinityCore rev. 0000-00-00 00:00:00 +0000 (Archived) (Win32, Release)');
INSERT INTO `uptime` VALUES ('1', '1329519604', '2012-02-17 23:00:04', '0', '0', 'TrinityCore rev. 0000-00-00 00:00:00 +0000 (Archived) (Win32, Release)');
INSERT INTO `uptime` VALUES ('1', '1329519635', '2012-02-17 23:00:35', '39001', '0', 'TrinityCore rev. 0000-00-00 00:00:00 +0000 (Archived) (Win32, Release)');
INSERT INTO `uptime` VALUES ('1', '1329560845', '2012-02-18 10:27:25', '378601', '9', 'TrinityCore rev. 0000-00-00 00:00:00 +0000 (Archived) (Win32, Release)');
INSERT INTO `uptime` VALUES ('2', '1329897971', '2012-02-22 08:06:11', '0', '0', 'TrinityCore rev. 0000-00-00 00:00:00 +0000 (Archived) (Win32, Release)');
INSERT INTO `uptime` VALUES ('2', '1329897996', '2012-02-22 08:06:36', '0', '0', 'TrinityCore rev. 0000-00-00 00:00:00 +0000 (Archived) (Win32, Release)');
INSERT INTO `uptime` VALUES ('2', '1329898013', '2012-02-22 08:06:53', '0', '0', 'TrinityCore rev. 0000-00-00 00:00:00 +0000 (Archived) (Win32, Release)');
INSERT INTO `uptime` VALUES ('2', '1329898065', '2012-02-22 08:07:45', '291434', '2', 'TrinityCore rev. 0000-00-00 00:00:00 +0000 (Archived) (Win32, Release)');
INSERT INTO `uptime` VALUES ('1', '1329940162', '2012-02-22 19:49:22', '0', '0', 'TrinityCore rev. 0000-00-00 00:00:00 +0000 (Archived) (Win32, Release)');
INSERT INTO `uptime` VALUES ('1', '1329940232', '2012-02-22 19:50:32', '241034', '4', 'TrinityCore rev. 0000-00-00 00:00:00 +0000 (Archived) (Win32, Release)');
INSERT INTO `uptime` VALUES ('1', '1330181412', '2012-02-25 14:50:12', '13200', '1', 'TrinityCore rev. 0000-00-00 00:00:00 +0000 (Archived) (Win32, Release)');
INSERT INTO `uptime` VALUES ('1', '1330194730', '2012-02-25 18:32:10', '78001', '4', 'TrinityCore rev. 0000-00-00 00:00:00 +0000 (Archived) (Win32, Release)');
INSERT INTO `uptime` VALUES ('2', '1330202651', '2012-02-25 20:44:11', '0', '0', 'TrinityCore rev. 0000-00-00 00:00:00 +0000 (Archived) (Win32, Release)');
INSERT INTO `uptime` VALUES ('2', '1330243123', '2012-02-26 07:58:43', '601', '1', 'TrinityCore rev. 0000-00-00 00:00:00 +0000 (Archived) (Win32, Release)');
INSERT INTO `uptime` VALUES ('2', '1330243881', '2012-02-26 08:11:21', '21001', '2', 'TrinityCore rev. 0000-00-00 00:00:00 +0000 (Archived) (Win32, Release)');
INSERT INTO `uptime` VALUES ('2', '1330265102', '2012-02-26 14:05:02', '3601', '3', 'TrinityCore rev. 0000-00-00 00:00:00 +0000 (Archived) (Win32, Release)');
INSERT INTO `uptime` VALUES ('2', '1330269149', '2012-02-26 15:12:29', '601', '2', 'TrinityCore rev. 0000-00-00 00:00:00 +0000 (Archived) (Win32, Release)');
INSERT INTO `uptime` VALUES ('2', '1330270060', '2012-02-26 15:27:40', '0', '0', 'TrinityCore rev. 0000-00-00 00:00:00 +0000 (Archived) (Win32, Release)');
INSERT INTO `uptime` VALUES ('2', '1330270312', '2012-02-26 15:31:52', '0', '0', 'TrinityCore rev. 0000-00-00 00:00:00 +0000 (Archived) (Win32, Release)');
INSERT INTO `uptime` VALUES ('2', '1330270453', '2012-02-26 15:34:13', '64801', '3', 'TrinityCore rev. 0000-00-00 00:00:00 +0000 (Archived) (Win32, Release)');
INSERT INTO `uptime` VALUES ('1', '1330273108', '2012-02-26 16:18:28', '603', '3', 'TrinityCore rev. 0000-00-00 00:00:00 +0000 (Archived) (Win32, Release)');
INSERT INTO `uptime` VALUES ('1', '1330273956', '2012-02-26 16:32:36', '61201', '8', 'TrinityCore rev. 0000-00-00 00:00:00 +0000 (Archived) (Win32, Release)');
INSERT INTO `uptime` VALUES ('2', '1330335723', '2012-02-27 09:42:03', '92401', '2', 'TrinityCore rev. 0000-00-00 00:00:00 +0000 (Archived) (Win32, Release)');
INSERT INTO `uptime` VALUES ('1', '1330335725', '2012-02-27 09:42:05', '208801', '4', 'TrinityCore rev. 0000-00-00 00:00:00 +0000 (Archived) (Win32, Release)');
INSERT INTO `uptime` VALUES ('3', '1330343718', '2012-02-27 11:55:18', '204001', '1', 'TrinityCore rev. 0000-00-00 00:00:00 +0000 (Archived) (Win32, Release)');
INSERT INTO `uptime` VALUES ('2', '1330428452', '2012-02-28 11:27:32', '182403', '3', 'TrinityCore rev. 0000-00-00 00:00:00 +0000 (Archived) (Win32, Release)');
INSERT INTO `uptime` VALUES ('1', '1330544675', '2012-02-29 19:44:35', '78603', '3', 'TrinityCore rev. 0000-00-00 00:00:00 +0000 (Archived) (Win32, Release)');
INSERT INTO `uptime` VALUES ('3', '1330548054', '2012-02-29 20:40:54', '62401', '1', 'TrinityCore rev. 0000-00-00 00:00:00 +0000 (Archived) (Win32, Release)');
INSERT INTO `uptime` VALUES ('2', '1330611344', '2012-03-01 14:15:44', '64635', '4', 'TrinityCore rev. 0000-00-00 00:00:00 +0000 (Archived) (Win32, Release)');
INSERT INTO `uptime` VALUES ('1', '1330623969', '2012-03-01 17:46:09', '52036', '1', 'TrinityCore rev. 0000-00-00 00:00:00 +0000 (Archived) (Win32, Release)');
INSERT INTO `uptime` VALUES ('1', '1330676852', '2012-03-02 08:27:32', '133217', '4', 'TrinityCore rev. 0000-00-00 00:00:00 +0000 (Archived) (Win32, Release)');
INSERT INTO `uptime` VALUES ('2', '1330676852', '2012-03-02 08:27:32', '120017', '2', 'TrinityCore rev. 0000-00-00 00:00:00 +0000 (Archived) (Win32, Release)');
INSERT INTO `uptime` VALUES ('2', '1330808855', '2012-03-03 21:07:35', '97804', '2', 'TrinityCore rev. 0000-00-00 00:00:00 +0000 (Archived) (Win32, Release)');
INSERT INTO `uptime` VALUES ('1', '1330810347', '2012-03-03 21:32:27', '131404', '8', 'TrinityCore rev. 0000-00-00 00:00:00 +0000 (Archived) (Win32, Release)');
INSERT INTO `uptime` VALUES ('1', '1330943642', '2012-03-05 10:34:02', '0', '0', 'TrinityCore rev. 0000-00-00 00:00:00 +0000 (Archived) (Win32, Release)');
INSERT INTO `uptime` VALUES ('2', '1330943642', '2012-03-05 10:34:02', '0', '0', 'TrinityCore rev. 0000-00-00 00:00:00 +0000 (Archived) (Win32, Release)');
INSERT INTO `uptime` VALUES ('1', '1330945421', '2012-03-05 11:03:41', '0', '0', 'TrinityCore rev. 0000-00-00 00:00:00 +0000 (Archived) (Win32, Release)');
INSERT INTO `uptime` VALUES ('2', '1330945422', '2012-03-05 11:03:42', '0', '0', 'TrinityCore rev. 0000-00-00 00:00:00 +0000 (Archived) (Win32, Release)');
INSERT INTO `uptime` VALUES ('2', '1330945698', '2012-03-05 11:08:18', '601', '0', 'TrinityCore rev. 0000-00-00 00:00:00 +0000 (Archived) (Win32, Release)');
INSERT INTO `uptime` VALUES ('1', '1330945700', '2012-03-05 11:08:20', '601', '0', 'TrinityCore rev. 0000-00-00 00:00:00 +0000 (Archived) (Win32, Release)');
